technology,location,0,1,2,3,4,5
DAC,AT,1.3225261118413083e-07,1.8251793637487465e-07,2.3575970947624937e-07,3.1440146481238403e-07,4.0922614052236114e-07,2.3588641652668805e-06
DAC,BE,1.332410003195633e-07,1.8533723415152455e-07,2.3349529590240722e-07,3.125592435615734e-07,4.109910747877432e-07,2.396150650210458e-06
DAC,BG,1.329468620535189e-07,1.9182563317716875e-07,2.623617514021101e-07,3.26858084970081e-07,4.4855451844079124e-07,2.53484210891101e-06
DAC,CH,1.3101284148212098e-07,1.8111175631043207e-07,2.345977916084003e-07,3.095701345889677e-07,4.1005303346174946e-07,2.3666567802319634e-06
DAC,CZ,1.3238241260517996e-07,1.903932481276787e-07,2.3522763615876513e-07,3.167120946254115e-07,4.3533773677797956e-07,2.3959432629165344e-06
DAC,DE,1.3319650389086682e-07,1.8262617879348283e-07,2.3316991139348342e-07,3.023998438519953e-07,3.958375027633024e-07,2.2810220065661855e-06
DAC,DK,1.2885554832193798e-07,1.8088120615295218e-07,2.435948178840301e-07,3.3592664424058353e-07,4.6964351587909564e-07,2.658018643243575e-06
DAC,EE,1.267881813648852e-07,1.7694421518103467e-07,2.2604745353060191e-07,3.0899163566618825e-07,4.174353522619202e-07,2.4443907915602666e-06
DAC,EL,1.3213401190484808e-07,1.898963260566125e-07,2.290824404911543e-07,3.1070292035193054e-07,4.2053764540985697e-07,2.391872131665247e-06
DAC,ES,1.3018270838249548e-07,1.7796114369071599e-07,2.418106918735964e-07,3.4026941910528077e-07,4.779269287927759e-07,2.6600138779392966e-06
DAC,FI,1.3049517749215948e-07,1.8618325383342453e-07,2.4169142020447344e-07,3.3303210007390104e-07,4.5364584208777034e-07,2.510462886797671e-06
DAC,FR,1.3384431461170469e-07,1.7996019662326431e-07,2.4035725998689987e-07,3.301265658519456e-07,4.6521444862805535e-07,2.659981439025689e-06
DAC,HR,1.3176543936303723e-07,1.8884784772384317e-07,2.385400825785453e-07,3.2308550436465156e-07,4.4888752738673456e-07,2.4872583139688157e-06
DAC,HU,1.3354242278799686e-07,1.7592872277293904e-07,2.3774394681150815e-07,3.256556319671864e-07,4.5835613082330017e-07,2.605890162360097e-06
DAC,IE,1.299278235873425e-07,1.8207700012088565e-07,2.476363764169437e-07,3.4740375602176485e-07,5.327543423069056e-07,3.0930203970779754e-06
DAC,IT,1.3203401461542177e-07,1.7460697975453062e-07,2.2901155367407761e-07,3.119520542069624e-07,4.3066952372082006e-07,2.4700097758595958e-06
DAC,LT,1.3353259604879148e-07,1.8089185048002079e-07,2.409176030562607e-07,3.3592114443835244e-07,4.824871651815146e-07,2.705483024512912e-06
DAC,LU,1.2583904931231204e-07,1.9233430619690848e-07,2.3518813559281233e-07,3.1460618544075514e-07,4.3220318587817843e-07,2.50281856183068e-06
DAC,LV,1.3260789348655823e-07,1.80597818313653e-07,2.3290194765281327e-07,3.185592798774761e-07,4.4680573181061555e-07,2.5685806821034154e-06
DAC,NL,1.2355062101848035e-07,1.7903628457249082e-07,2.3055827118862187e-07,3.053812753165486e-07,4.175208217327291e-07,2.3683062285879137e-06
DAC,NO,1.3545992852869057e-07,1.9679979487277762e-07,2.5078271594344004e-07,3.422015164975492e-07,5.103783347407795e-07,2.7714497093731905e-06
DAC,PL,1.3398136195261767e-07,1.924021867337782e-07,2.5440127934333346e-07,3.263212422125016e-07,4.4862048016887804e-07,2.4688617902120194e-06
DAC,PT,1.2862990986528483e-07,1.7730060720197798e-07,2.3863424007426524e-07,3.394321890436123e-07,4.7252280118577745e-07,2.593466686560295e-06
DAC,RO,1.258322633576026e-07,1.7171161440187478e-07,2.3279824444659013e-07,3.1549824744664543e-07,4.4287155962412965e-07,2.5146002378180326e-06
DAC,SE,1.2871158570189798e-07,1.8381243349053667e-07,2.399796471408723e-07,3.306049463366554e-07,4.721352384518581e-07,2.4777862935182283e-06
DAC,SI,1.310573038937671e-07,1.892829691239063e-07,2.328769821722844e-07,3.1268687155802574e-07,4.2972168223759695e-07,2.3094613047386834e-06
DAC,SK,1.2863989418508885e-07,1.7771386247312825e-07,2.282655606351652e-07,3.0185626601437705e-07,4.0737309434968985e-07,2.2920025137148077e-06
DAC,UK,1.308143380684417e-07,1.8397489391970304e-07,2.494261431630619e-07,3.4566002544087046e-07,4.920396023834278e-07,2.8450458629360646e-06
battery,AT,1.7170730124521746e-07,1.8792032302038635e-07,3.4472237641730123e-07,4.1679341753051857e-07,9.231348494928884e-07,7.252722675318165e-06
battery,BE,1.705547575798736e-07,1.8977405015953936e-07,3.3406991262029273e-07,3.967483235148538e-07,8.725469648342794e-07,6.086469076708345e-06
battery,BG,1.6272417292657007e-07,1.823760335562381e-07,2.9737605674697953e-07,3.8823460870917105e-07,7.546995284355463e-07,6.967702515385443e-06
battery,CH,1.686381705402445e-07,1.856174230536758e-07,3.398778282759981e-07,4.184288201862822e-07,9.695302743837401e-07,8.121409619578485e-06
battery,CZ,1.699315380371543e-07,1.87587882795469e-07,3.198848735504683e-07,4.0845339085480955e-07,1.001453853984222e-06,9.393134499077538e-06
battery,DE,1.7902218345536838e-07,1.959577379987968e-07,3.293250884047093e-07,4.1241574096213015e-07,8.732287368219369e-07,6.5300347895460635e-06
battery,DK,1.706870781695443e-07,1.8261930639100746e-07,3.102094921340955e-07,4.013435689913025e-07,7.903218215225913e-07,5.899337224814072e-06
battery,EE,1.7121862038047295e-07,1.857845057713667e-07,3.1945796668327216e-07,3.996512698627977e-07,7.823298085179685e-07,5.822785688051375e-06
battery,EL,1.673360361826465e-07,1.797891995612374e-07,2.8370032403834184e-07,4.1753166490177304e-07,8.839641410624927e-07,9.148194864220911e-06
battery,ES,1.5826578958065884e-07,1.7535606515897432e-07,2.5119748413933465e-07,3.6008374177798467e-07,7.643526160833632e-07,5.078332836236467e-06
battery,FI,1.7023357639107263e-07,1.8744122117627677e-07,3.157662119644058e-07,3.798049890306392e-07,7.956847538413197e-07,5.928051720687929e-06
battery,FR,1.6395877091889555e-07,1.8476552516721116e-07,2.5886130859595296e-07,3.4674024557961404e-07,6.824546361768512e-07,5.186505777257008e-06
battery,HR,1.683102377315091e-07,1.7682109529139754e-07,3.5398709314539823e-07,4.4235285559960035e-07,9.370858219714605e-07,7.582736290955291e-06
battery,HU,1.6569346251697468e-07,1.798705022866611e-07,3.1150718154515544e-07,4.306484156445891e-07,8.962105728764541e-07,7.565948761659671e-06
battery,IE,1.6262563377373083e-07,1.847554761938929e-07,2.693316658448219e-07,3.4280983289356884e-07,6.229665642333715e-07,4.4703919833104815e-06
battery,IT,1.6852918943830936e-07,1.8207874269999561e-07,3.0987761420585187e-07,4.4555030300725886e-07,8.472237924842653e-07,6.891795536460426e-06
battery,LT,1.697234277093696e-07,1.8424614219305591e-07,2.864510880828305e-07,3.8421669205108556e-07,7.282280537841465e-07,5.733485541709288e-06
battery,LU,1.608001170758405e-07,1.8141740413882296e-07,2.923167959779121e-07,3.5026518703083124e-07,7.218295150375511e-07,5.859630358751433e-06
battery,LV,1.6998796388747112e-07,1.8432735726567406e-07,2.998064591239969e-07,3.894306707051641e-07,7.590657832813025e-07,5.988585269513851e-06
battery,NL,1.6750422124780743e-07,1.9078757680197114e-07,3.282975562038024e-07,3.9799917645368257e-07,7.953695122357995e-07,6.591693337321321e-06
battery,NO,1.662237790031984e-07,1.8325298513174595e-07,2.7006612587083114e-07,3.597651098076889e-07,6.758253988504903e-07,5.083471855629248e-06
battery,PL,1.714040221034412e-07,1.9644360975573465e-07,3.183870253597455e-07,4.2943403483443595e-07,8.580850704411832e-07,7.642610950415215e-06
battery,PT,1.6100920333317938e-07,1.753908289918089e-07,2.6798539166529214e-07,3.5237091730563836e-07,6.585846127327246e-07,4.584603976427863e-06
battery,RO,1.6414072535666289e-07,1.795801534010904e-07,2.9978424112323597e-07,3.928743128970636e-07,9.024677768382105e-07,9.256555190438195e-06
battery,SE,1.6963957390244885e-07,1.8734804204161943e-07,2.9234173679074155e-07,3.8206950029031135e-07,7.662577472994775e-07,5.96473341327821e-06
battery,SI,1.6782618550069697e-07,1.7891409484618706e-07,3.4950201300013414e-07,4.35691798575419e-07,9.971158125190983e-07,8.643599259911972e-06
battery,SK,1.6874599400158202e-07,1.863162129585543e-07,3.3320895733093284e-07,4.1836052245363414e-07,1.0293017464193156e-06,9.886554179431736e-06
battery,UK,1.6378571064442747e-07,1.895229117258007e-07,2.706904851261606e-07,3.5843961468240744e-07,6.737457431996292e-07,4.822808372702375e-06
biomass_boiler,AT,56.65076576184861,19.26433970512429,49.64632378044739,46.65901929954053,49.36799759136633,53.26888589386694
biomass_boiler,BE,20.98386828094337,12.11136402756585,2.8354762833150944,5.722482145264269e-07,5.704777443767101e-07,1.36913453686784e-06
biomass_boiler,BG,35.36286405026061,30.910620370954042,27.302905955061696,11.85109726883188,11.62479505937168,12.489979238555753
biomass_boiler,CH,76.7568845702068,48.79982556256926,50.473669745473714,46.74078850621702,45.84825143290675,49.62812970011253
biomass_boiler,CZ,69.24267738940222,48.93378429368726,49.63488356732146,44.518453235242774,43.668352735023774,46.91840293306455
biomass_boiler,DE,281.11056880506436,180.56828069424935,151.62591109017015,56.55033489749635,55.47047995508498,58.327987960954815
biomass_boiler,DK,32.67392366139367,22.29329461030078,16.512755569210153,9.1906442592592,9.01514457730713,5.389672453197572
biomass_boiler,EE,16.459856355569936,16.31170878982705,16.871203760360718,15.267083614150591,15.916880077454449,17.96759280585005
biomass_boiler,EL,37.365437746242236,37.0291287781797,3.098046442931063,4.28069989510878e-07,4.5386238738805707e-07,1.4117673120894287e-06
biomass_boiler,ES,46.48845700572563,20.21737969634636,2.842603186918266,0.372019007408255,0.3649151334107507,0.39207423812568126
biomass_boiler,FI,46.532202391893364,31.489749872456514,33.93705157327977,29.566100909921893,10.938294403870115,25.188554345822446
biomass_boiler,FR,192.43214730026463,116.68548421426591,26.048963429087813,0.12195675839640759,0.1196279448092172,2.3731452454690965e-06
biomass_boiler,HR,37.193984168435236,28.64908505541724,18.61292850911,15.325058395700948,15.032419288392598,16.151218484027645
biomass_boiler,HU,48.391298817398756,26.035834732462376,1.9939601156673994e-06,1.975161550095044e-06,1.94967496942644e-06,3.1959385857285448e-06
biomass_boiler,IE,1.341485119580407,1.077260131778855,0.23093564303901395,3.030739256938202e-07,3.056653636469301e-07,9.331273227644952e-07
biomass_boiler,IT,235.8410217086995,143.72711806021852,78.96704231051187,56.77226758791901,55.68817474189196,0.12498139595591773
biomass_boiler,LT,19.15694589557912,17.79934018889713,13.207980996107029,3.2825739782711705,3.0505732673952197,3.1676203809560786
biomass_boiler,LU,2.3890387740751153,2.310787447332088,2.4487431692574497,2.40285896710523,2.35696384903847,2.53238273948656
biomass_boiler,LV,16.061424193451913,15.644818842703259,16.18143918510308,15.068009162375454,14.78027845892599,14.212878694688909
biomass_boiler,NL,29.30703731315117,24.259463713448735,16.304006129343474,10.078822187701139,1.9037131538581684,2.045399597305882
biomass_boiler,NO,15.104005713940543,12.425886916257934,6.898749283224851,1.9766239361511768,1.9388793853856858,2.083181966497986
biomass_boiler,PL,173.97121481552608,167.19399047784188,111.08557488565037,94.23389002867314,92.43445010812353,99.3139539566
biomass_boiler,PT,7.67186785788678,3.4779812007612247,0.7186491091863619,0.1123281675822817,0.11018321138256316,0.11838369801376206
biomass_boiler,RO,54.03866056669721,53.55228360539914,49.960450313261035,29.62632953354925,18.61043232492151,3.0085515448195004e-06
biomass_boiler,SE,55.484886421176085,52.12054035267743,42.75991816225344,40.453149040762916,5.426355289583633,5.830215895718247
biomass_boiler,SI,15.30671814128631,8.429629497461706,7.304099518828868,6.884132121108662,6.75267643833548,7.255249537422038
biomass_boiler,SK,16.21556093694547,15.995441845975524,16.620803177052462,16.234088146481287,15.924090447494509,16.903942981719425
biomass_boiler,UK,73.55344817539641,49.58138195995099,11.08345074020843,3.796337851374864e-07,4.168631283816953e-07,1.8420183053063035e-06
biomass_plant,AT,12.736455471603946,9.480773786136151,8.994462215259926,8.149928638823589,0.6766689294393481,0.30771038724650535
biomass_plant,BE,26.419226549819243,20.21344821049975,19.36337885515301,16.420598509261044,12.959298101489209,0.6076390242377963
biomass_plant,BG,0.6242897386830856,0.5531227123644585,0.5338785438705917,0.5081616522272162,2.8942917282851467e-07,1.6529218572507102e-06
biomass_plant,CH,2.7693177934940163,2.1580382840444985,2.0647051240313306,2.011770191515481,0.6856435453958445,1.8402862106955923e-06
biomass_plant,CZ,11.83725068344056,8.993326627300831,8.599901765667326,8.172391659113984,0.97246786509007,0.8468936298535298
biomass_plant,DE,157.9023559555601,105.14086553581734,89.87714211546168,51.70725076531351,33.691248894719,2.7670103824224412
biomass_plant,DK,61.60174058515369,47.67662631256588,43.18626385165774,33.58097759697595,28.98335255467849,31.337304104303392
biomass_plant,EE,6.096651124515605,5.036622141478085,4.816655135505664,4.309937415135175,2.556331856956824,1.0697886947010014
biomass_plant,EL,3.124930575934164,2.713998378882457,2.6818749432933893,1.4324276843356132,2.8028446726581066e-07,1.3064410920831836e-06
biomass_plant,ES,38.23106538554055,31.74438580540187,30.224752078735698,24.916481636901022,17.068822185941087,12.343264482179457
biomass_plant,FI,91.10904327561714,80.95387433763729,68.6763960614058,44.28423536739253,33.41177223488913,10.374067695118041
biomass_plant,FR,46.95154953066245,40.80744895714438,38.472869814482316,33.937917403363265,29.053655665523998,17.282559183640434
biomass_plant,HR,1.2183423153432948,1.0344399317422892,0.9628480359355924,0.8392777795724223,0.8115923680982498,0.8465919769010857
biomass_plant,HU,15.28910225252431,13.133612141511147,12.69438997138427,6.447626806369834,2.1850533015478466,0.04761845153880044
biomass_plant,IE,1.835854095456238,1.4565437583345853,0.6491622763937913,0.3363769096335894,2.8304699979256963e-07,1.1340131970479473e-06
biomass_plant,IT,33.76367260057883,25.37477471555412,23.64105799223706,13.218756812773337,4.038620864817569,2.756193292614921
biomass_plant,LT,1.3481073156238144,1.1289401236120558,1.0844709092310358,1.0565025171922393,1.0414935881796994,0.7778653969697336
biomass_plant,LU,9.552871108768685e-08,1.3170643038219649e-07,1.586479335860435e-07,2.1255954653883298e-07,3.246862467225008e-07,1.839124526277072e-06
biomass_plant,LV,1.9780649318740222,1.656482217287105,1.5840172572991693,1.5501952353950488,1.565495405195582,1.728938705305159e-06
biomass_plant,NL,49.42676277554698,37.00167264225775,34.389548849163106,33.443039881549986,26.348094147519507,2.3416070334535597
biomass_plant,NO,0.11982257408703993,0.11069985374973722,0.10748429580101546,0.0726223029056166,2.2380791143009912e-07,1.1282264778443395e-06
biomass_plant,PL,34.65890763460239,30.649725946404807,29.295552793501507,22.262134495849615,23.602873127835338,1.95488221501959e-06
biomass_plant,PT,7.322308742413472,6.0073309423355585,5.741939689372959,5.601214427852018,2.270689868092557,1.847714004286157
biomass_plant,RO,0.9622504156166364,0.7947728605365939,0.7601431785961755,0.740539178630387,0.7297702722374266,1.7367087185707949e-06
biomass_plant,SE,50.290348387842656,40.4273526612982,33.649001642890696,29.73017453423544,16.038469334519867,6.455687608155808
biomass_plant,SI,0.5001370573203976,0.42203372419335056,0.40357134169319947,0.39495430260754255,3.23543557317316e-07,1.7796764751707531e-06
biomass_plant,SK,0.19467908226979191,0.15895458725868591,0.15133931585539528,0.1481079976509749,0.14158082616950232,1.924241079782347e-06
biomass_plant,UK,345.82861343049217,293.0272330451326,265.34939601559165,230.7164224023257,201.97444146180746,131.80392577730268
biomass_plant_CCS,AT,1.8735730137969155e-07,2.971066857147301e-07,7.464198682506097e-07,4.873061597389517e-06,2.4843022249085755e-05,7.560448733319237e-05
biomass_plant_CCS,BE,1.907505692962538e-07,2.549961709949144e-07,1.2150156194633237e-06,97.58089296793416,114.61587781090817,112.9529530889582
biomass_plant_CCS,BG,1.42670347078777e-07,2.558921890757411e-07,5.636459740496953e-07,5.5236427724379386e-06,57.796896935117374,56.911240831268145
biomass_plant_CCS,CH,1.7842714013454678e-07,3.0533030854866353e-07,6.883434370664375e-07,16.364750468471193,19.7869682882231,19.483758931955222
biomass_plant_CCS,CZ,1.7071019567423433e-07,2.2348815178118025e-07,6.051018655259843e-07,1.8986279558039283e-06,3.1521404104787978e-06,1.4404464535565552e-05
biomass_plant_CCS,DE,2.1043038756842307e-07,3.4850515070965635e-07,1.864174696161237e-06,925.148547272386,1093.4264788974547,1076.8654575826693
biomass_plant_CCS,DK,1.585287380891818e-07,2.774533171347531e-07,9.726727692740364e-07,96.28813581467124,94.96638154000532,93.511157868092
biomass_plant_CCS,EE,1.4283550150967133e-07,2.20994708694896e-07,3.5593599201458513e-07,7.847716885799216e-07,1.4697318021690784e-06,5.850796750051666e-06
biomass_plant_CCS,EL,1.369507345823134e-07,2.5072483695509374e-07,6.70586858774346e-07,1.4614837038777528,60.67732975930451,59.747534778169296
biomass_plant_CCS,ES,1.3451438026722406e-07,1.7917957024826096e-07,2.9422763365666234e-07,7.508978890913506e-07,1.2742332294771732e-06,7.270612721647866e-06
biomass_plant_CCS,FI,1.330354280626451e-07,2.2865269043443684e-07,4.4588611162888777e-07,3.6667552297214738e-06,213.31912677294784,210.05032026417774
biomass_plant_CCS,FR,1.368809644120839e-07,2.3530686348457964e-07,4.701222381900978e-07,215.70835785039046,225.05976538093495,221.61104185503774
biomass_plant_CCS,HR,1.6888947281096424e-07,2.594271641675072e-07,9.799079896022152e-07,4.905027110280574,4.837692919454684,4.763558656717549
biomass_plant_CCS,HU,1.4306081139658479e-07,2.156575165694015e-07,5.047408380276038e-07,1.1443562978559342e-06,1.7144646638733872e-06,7.727352511291256e-06
biomass_plant_CCS,IE,1.538026210093643e-07,2.5087233572440203e-07,4.7536919198008756e-07,3.3086316243316713e-06,14.993089101173371,14.763339527874392
biomass_plant_CCS,IT,1.824182607091749e-07,2.878847019588568e-07,9.627407174734534e-07,80.0821366814019,78.98280068711284,77.77249975787852
biomass_plant_CCS,LT,1.6086804010135093e-07,2.2948339168346033e-07,4.2965551887362977e-07,8.558028574757162e-07,1.6672565456254097e-06,5.136190643837411e-06
biomass_plant_CCS,LU,1.5207335407143585e-07,2.4541934635541814e-07,3.6872129490066614e-07,1.2090405828979615e-06,4.142555884128368e-06,4.903601025699464e-05
biomass_plant_CCS,LV,1.6234428772859182e-07,2.309668450966962e-07,3.9432988591257103e-07,8.939091352811217e-07,1.6495266841001687e-06,5.953867705836355e-06
biomass_plant_CCS,NL,1.8630267591200758e-07,2.398009050773359e-07,8.277385865826418e-07,25.467673607019776,89.40965849695256,123.06426518586522
biomass_plant_CCS,NO,1.2888313505789252e-07,1.9835955970587144e-07,5.510525067708298e-07,44.045160318694464,47.26206424048771,46.53784000447812
biomass_plant_CCS,PL,1.4207312808967053e-07,2.0726443396314928e-07,3.846202220369638e-07,1.3997593449371744e-06,3.572764520940373e-06,1.1957797566721642e-05
biomass_plant_CCS,PT,1.2607763374520536e-07,1.662929312583317e-07,2.6505244355857734e-07,5.541579787601816e-07,9.17505978759047e-07,4.76102791113468e-06
biomass_plant_CCS,RO,1.5061682307383107e-07,2.4581019255605067e-07,4.964258394123748e-07,1.1167204360722947e-06,2.0282490245255165e-06,7.415070915960291e-06
biomass_plant_CCS,SE,1.3858752561484628e-07,2.45924663276392e-07,5.432841357202826e-07,1.8699201608330635e-05,363.0848612914648,357.5946651931398
biomass_plant_CCS,SI,1.4985809521102957e-07,2.2921155468919852e-07,6.297889366002906e-07,2.8057977169935934e-06,2.917349309447374e-06,9.643009120718358e-06
biomass_plant_CCS,SK,1.7221005638391757e-07,2.8042532621665696e-07,5.362203848257511e-07,1.0580786480129623e-06,2.3016475762575437e-06,1.40725740006535e-05
biomass_plant_CCS,UK,1.4928165826989826e-07,2.2138230555117142e-07,3.9639147220118045e-07,7.967098047477377e-05,35.7671431761324,32.4905475774905
carbon_pipeline,AT-CH,0.0,0.0,0.0,0.0,0.0,0.0
carbon_pipeline,AT-CZ,0.0,0.0,0.0,0.0,0.0,0.0
carbon_pipeline,AT-DE,0.0,0.0,0.0,0.0,0.0,0.0
carbon_pipeline,AT-HU,0.0,0.0,0.0,0.0,0.0,0.0
carbon_pipeline,AT-IT,0.0,0.0,0.0,0.0,0.0,0.0
carbon_pipeline,AT-SI,0.0,0.0,0.0,0.0,0.0,0.0
carbon_pipeline,AT-SK,0.0,0.0,0.0,0.0,0.0,0.0
carbon_pipeline,BE-DE,0.0,0.0,0.0,0.0,0.0,0.0
carbon_pipeline,BE-FR,0.0,0.0,0.0,0.0,0.0,0.0
carbon_pipeline,BE-LU,0.0,0.0,0.0,0.0,0.0,0.0
carbon_pipeline,BE-NL,0.0,0.0,0.0,0.0,0.0,0.0
carbon_pipeline,BE-NO,0.0,0.0,0.0,0.0,0.0,0.0
carbon_pipeline,BE-UK,0.0,0.0,0.0,0.0,0.0,0.0
carbon_pipeline,BG-EL,0.0,0.0,0.0,0.0,0.0,0.0
carbon_pipeline,BG-RO,0.0,0.0,0.0,0.0,0.0,0.0
carbon_pipeline,CH-AT,0.0,0.0,0.0,0.0,0.0,0.0
carbon_pipeline,CH-DE,0.0,0.0,0.0,0.0,0.0,0.0
carbon_pipeline,CH-FR,0.0,0.0,0.0,0.0,0.0,0.0
carbon_pipeline,CH-IT,0.0,0.0,0.0,0.0,0.0,0.0
carbon_pipeline,CZ-AT,0.0,0.0,0.0,0.0,0.0,0.0
carbon_pipeline,CZ-DE,0.0,0.0,0.0,0.0,0.0,0.0
carbon_pipeline,CZ-PL,0.0,0.0,0.0,0.0,0.0,0.0
carbon_pipeline,CZ-SK,0.0,0.0,0.0,0.0,0.0,0.0
carbon_pipeline,DE-AT,0.0,0.0,0.0,0.0,0.0,0.0
carbon_pipeline,DE-BE,0.0,0.0,0.0,0.0,0.0,0.0
carbon_pipeline,DE-CH,0.0,0.0,0.0,0.0,0.0,0.0
carbon_pipeline,DE-CZ,0.0,0.0,0.0,0.0,0.0,0.0
carbon_pipeline,DE-DK,0.0,0.0,0.0,0.0,0.0,0.0
carbon_pipeline,DE-FR,0.0,0.0,0.0,0.0,0.0,0.0
carbon_pipeline,DE-LU,0.0,0.0,0.0,0.0,0.0,0.0
carbon_pipeline,DE-NL,0.0,0.0,0.0,0.0,0.0,0.0
carbon_pipeline,DE-NO,0.0,0.0,0.0,0.0,0.0,0.0
carbon_pipeline,DE-PL,0.0,0.0,0.0,0.0,0.0,0.0
carbon_pipeline,DE-SE,0.0,0.0,0.0,0.0,0.0,0.0
carbon_pipeline,DE-UK,0.0,0.0,0.0,0.0,0.0,0.0
carbon_pipeline,DK-DE,0.0,0.0,0.0,0.0,0.0,0.0
carbon_pipeline,DK-NL,0.0,0.0,0.0,0.0,0.0,0.0
carbon_pipeline,DK-NO,0.0,0.0,0.0,0.0,0.0,0.0
carbon_pipeline,DK-SE,0.0,0.0,0.0,0.0,0.0,0.0
carbon_pipeline,DK-UK,0.0,0.0,0.0,0.0,0.0,0.0
carbon_pipeline,EE-FI,0.0,0.0,0.0,0.0,0.0,0.0
carbon_pipeline,EE-LV,0.0,0.0,0.0,0.0,0.0,0.0
carbon_pipeline,EL-BG,0.0,0.0,0.0,0.0,0.0,0.0
carbon_pipeline,EL-IT,0.0,0.0,0.0,0.0,0.0,0.0
carbon_pipeline,ES-FR,0.0,0.0,0.0,0.0,0.0,0.0
carbon_pipeline,ES-PT,0.0,0.0,0.0,0.0,0.0,0.0
carbon_pipeline,FI-EE,0.0,0.0,0.0,0.0,0.0,0.0
carbon_pipeline,FI-NO,0.0,0.0,0.0,0.0,0.0,0.0
carbon_pipeline,FI-SE,0.0,0.0,0.0,0.0,0.0,0.0
carbon_pipeline,FR-BE,0.0,0.0,0.0,0.0,0.0,0.0
carbon_pipeline,FR-CH,0.0,0.0,0.0,0.0,0.0,0.0
carbon_pipeline,FR-DE,0.0,0.0,0.0,0.0,0.0,0.0
carbon_pipeline,FR-ES,0.0,0.0,0.0,0.0,0.0,0.0
carbon_pipeline,FR-IT,0.0,0.0,0.0,0.0,0.0,0.0
carbon_pipeline,FR-LU,0.0,0.0,0.0,0.0,0.0,0.0
carbon_pipeline,FR-NO,0.0,0.0,0.0,0.0,0.0,0.0
carbon_pipeline,FR-UK,0.0,0.0,0.0,0.0,0.0,0.0
carbon_pipeline,HR-HU,0.0,0.0,0.0,0.0,0.0,0.0
carbon_pipeline,HR-SI,0.0,0.0,0.0,0.0,0.0,0.0
carbon_pipeline,HU-AT,0.0,0.0,0.0,0.0,0.0,0.0
carbon_pipeline,HU-HR,0.0,0.0,0.0,0.0,0.0,0.0
carbon_pipeline,HU-RO,0.0,0.0,0.0,0.0,0.0,0.0
carbon_pipeline,HU-SI,0.0,0.0,0.0,0.0,0.0,0.0
carbon_pipeline,HU-SK,0.0,0.0,0.0,0.0,0.0,0.0
carbon_pipeline,IE-UK,0.0,0.0,0.0,0.0,0.0,0.0
carbon_pipeline,IT-AT,0.0,0.0,0.0,0.0,0.0,0.0
carbon_pipeline,IT-CH,0.0,0.0,0.0,0.0,0.0,0.0
carbon_pipeline,IT-EL,0.0,0.0,0.0,0.0,0.0,0.0
carbon_pipeline,IT-FR,0.0,0.0,0.0,0.0,0.0,0.0
carbon_pipeline,IT-SI,0.0,0.0,0.0,0.0,0.0,0.0
carbon_pipeline,LT-LV,0.0,0.0,0.0,0.0,0.0,0.0
carbon_pipeline,LT-PL,0.0,0.0,0.0,0.0,0.0,0.0
carbon_pipeline,LT-SE,0.0,0.0,0.0,0.0,0.0,0.0
carbon_pipeline,LU-BE,0.0,0.0,0.0,0.0,0.0,0.0
carbon_pipeline,LU-DE,0.0,0.0,0.0,0.0,0.0,0.0
carbon_pipeline,LU-FR,0.0,0.0,0.0,0.0,0.0,0.0
carbon_pipeline,LV-EE,0.0,0.0,0.0,0.0,0.0,0.0
carbon_pipeline,LV-LT,0.0,0.0,0.0,0.0,0.0,0.0
carbon_pipeline,NL-BE,0.0,0.0,0.0,0.0,0.0,0.0
carbon_pipeline,NL-DE,0.0,0.0,0.0,0.0,0.0,0.0
carbon_pipeline,NL-DK,0.0,0.0,0.0,0.0,0.0,0.0
carbon_pipeline,NL-NO,0.0,0.0,0.0,0.0,0.0,0.0
carbon_pipeline,NL-UK,0.0,0.0,0.0,0.0,0.0,0.0
carbon_pipeline,NO-BE,0.0,0.0,0.0,0.0,0.0,0.0
carbon_pipeline,NO-DE,0.0,0.0,0.0,0.0,0.0,0.0
carbon_pipeline,NO-DK,0.0,0.0,0.0,0.0,0.0,0.0
carbon_pipeline,NO-FI,0.0,0.0,0.0,0.0,0.0,0.0
carbon_pipeline,NO-FR,0.0,0.0,0.0,0.0,0.0,0.0
carbon_pipeline,NO-NL,0.0,0.0,0.0,0.0,0.0,0.0
carbon_pipeline,NO-SE,0.0,0.0,0.0,0.0,0.0,0.0
carbon_pipeline,NO-UK,0.0,0.0,0.0,0.0,0.0,0.0
carbon_pipeline,PL-CZ,0.0,0.0,0.0,0.0,0.0,0.0
carbon_pipeline,PL-DE,0.0,0.0,0.0,0.0,0.0,0.0
carbon_pipeline,PL-LT,0.0,0.0,0.0,0.0,0.0,0.0
carbon_pipeline,PL-SE,0.0,0.0,0.0,0.0,0.0,0.0
carbon_pipeline,PL-SK,0.0,0.0,0.0,0.0,0.0,0.0
carbon_pipeline,PT-ES,0.0,0.0,0.0,0.0,0.0,0.0
carbon_pipeline,RO-BG,0.0,0.0,0.0,0.0,0.0,0.0
carbon_pipeline,RO-HU,0.0,0.0,0.0,0.0,0.0,0.0
carbon_pipeline,SE-DE,0.0,0.0,0.0,0.0,0.0,0.0
carbon_pipeline,SE-DK,0.0,0.0,0.0,0.0,0.0,0.0
carbon_pipeline,SE-FI,0.0,0.0,0.0,0.0,0.0,0.0
carbon_pipeline,SE-LT,0.0,0.0,0.0,0.0,0.0,0.0
carbon_pipeline,SE-NO,0.0,0.0,0.0,0.0,0.0,0.0
carbon_pipeline,SE-PL,0.0,0.0,0.0,0.0,0.0,0.0
carbon_pipeline,SI-AT,0.0,0.0,0.0,0.0,0.0,0.0
carbon_pipeline,SI-HR,0.0,0.0,0.0,0.0,0.0,0.0
carbon_pipeline,SI-HU,0.0,0.0,0.0,0.0,0.0,0.0
carbon_pipeline,SI-IT,0.0,0.0,0.0,0.0,0.0,0.0
carbon_pipeline,SK-AT,0.0,0.0,0.0,0.0,0.0,0.0
carbon_pipeline,SK-CZ,0.0,0.0,0.0,0.0,0.0,0.0
carbon_pipeline,SK-HU,0.0,0.0,0.0,0.0,0.0,0.0
carbon_pipeline,SK-PL,0.0,0.0,0.0,0.0,0.0,0.0
carbon_pipeline,UK-BE,0.0,0.0,0.0,0.0,0.0,0.0
carbon_pipeline,UK-DE,0.0,0.0,0.0,0.0,0.0,0.0
carbon_pipeline,UK-DK,0.0,0.0,0.0,0.0,0.0,0.0
carbon_pipeline,UK-FR,0.0,0.0,0.0,0.0,0.0,0.0
carbon_pipeline,UK-IE,0.0,0.0,0.0,0.0,0.0,0.0
carbon_pipeline,UK-NL,0.0,0.0,0.0,0.0,0.0,0.0
carbon_pipeline,UK-NO,0.0,0.0,0.0,0.0,0.0,0.0
carbon_storage,AT,0.0,0.0,0.0,0.0,0.0,0.0
carbon_storage,BE,1.237138843175579e-07,2.088176296460775e-07,42.310996237354246,56.69848881763886,56.842998682145044,51.599363103037156
carbon_storage,BG,0.0,0.0,0.0,0.0,0.0,0.0
carbon_storage,CH,0.0,0.0,0.0,0.0,0.0,0.0
carbon_storage,CZ,0.0,0.0,0.0,0.0,0.0,0.0
carbon_storage,DE,1.011370315652264e-07,1.5538422496923273e-07,5.53039361152162,14.788310247233063,14.876280205466841,14.902839850016717
carbon_storage,DK,4.574942044847837e-08,4.24328346145999e-07,1.218609946784337e-06,106.27887589188188,106.54058191727928,106.62695414617207
carbon_storage,EE,0.0,0.0,0.0,0.0,0.0,0.0
carbon_storage,EL,5.49910313499857e-08,3.832820977771857e-07,1.031014631840553e-06,0.29199915998958653,23.999999360695533,23.999999612757513
carbon_storage,ES,0.0,0.0,0.0,0.0,0.0,0.0
carbon_storage,FI,5.556677254670242e-08,1.1270486892921106e-07,2.3058304186936276e-07,1.2069275367375294e-06,1.5999997469766012,1.599999277413533
carbon_storage,FR,1.3532267788878187e-07,1.8301555065941415e-07,5.824275995368199e-07,46.36700482386352,49.59999882064637,49.59999882321337
carbon_storage,HR,1.672177498434179e-07,2.8654121740306676e-07,1.301399170112475e-06,0.9799995408923073,0.9799997568015518,0.979999628622482
carbon_storage,HU,0.0,0.0,0.0,0.0,0.0,0.0
carbon_storage,IE,6.609300266349364e-08,8.003739211093365e-08,1.3764241544116282e-07,6.090630496334986e-07,8.66543788998566,8.72980797050091
carbon_storage,IT,4.510426954144743e-08,6.732470038345492e-07,2.5752234376228785e-06,15.99999879416274,15.999999567215829,15.999999523867997
carbon_storage,LT,0.0,0.0,0.0,0.0,0.0,0.0
carbon_storage,LU,0.0,0.0,0.0,0.0,0.0,0.0
carbon_storage,LV,0.0,0.0,0.0,0.0,0.0,0.0
carbon_storage,NL,1.101815773495485e-07,1.240005254325769e-07,7.53881184377932,70.71610490597773,71.31422270479105,71.44739232542635
carbon_storage,NO,2.1966956236597774e-07,4.558959525465007e-07,9.175102005040541e-07,8.799998438528371,116.44539628660296,116.39239421834488
carbon_storage,PL,0.0,0.0,0.0,0.0,0.0,0.0
carbon_storage,PT,0.0,0.0,0.0,0.0,0.0,0.0
carbon_storage,RO,0.0,0.0,0.0,0.0,0.0,0.0
carbon_storage,SE,5.790798158976916e-08,9.25601934911223e-08,1.5527197877237363e-07,1.0357536978840603e-06,12.379430862243641,12.389067716274743
carbon_storage,SI,0.0,0.0,0.0,0.0,0.0,0.0
carbon_storage,SK,0.0,0.0,0.0,0.0,0.0,0.0
carbon_storage,UK,4.3002095519929315e-08,3.974951132882178e-07,8.014688685413229e-07,32.394854264803236,80.76519757962355,81.78551352703602
hard_coal_plant_CCS,AT,1.335863602184345e-07,3.288219035163237e-07,7.261926770641465e-07,7.376579509166613e-07,6.651188172097098e-07,1.877076602488726e-06
hard_coal_plant_CCS,BE,1.342854932532617e-07,3.688774441705088e-07,9.087621902596507e-07,9.211776141326247e-07,8.452143468199547e-07,2.0701333541666274e-06
hard_coal_plant_CCS,BG,1.0110929307658262e-07,3.201453752230803e-07,5.378736839545263e-07,5.603068133334697e-07,5.224426303739659e-07,1.7619416501542702e-06
hard_coal_plant_CCS,CH,1.2084750923806207e-07,3.4478671509942685e-07,6.922795076979663e-07,7.311934610364869e-07,6.640272231657885e-07,1.875103542581093e-06
hard_coal_plant_CCS,CZ,1.3021547774855172e-07,3.132245506630918e-07,5.824722919314036e-07,5.809414976991221e-07,5.30467326276365e-07,1.7278073340562764e-06
hard_coal_plant_CCS,DE,1.4007775903501369e-07,3.876105586098475e-07,9.257156125094051e-07,9.072246164190596e-07,8.193718302032409e-07,2.0029929962034172e-06
hard_coal_plant_CCS,DK,1.299518427788066e-07,3.025443792536403e-07,6.261274193592404e-07,6.225361274984613e-07,5.663948076093606e-07,1.745307175756775e-06
hard_coal_plant_CCS,EE,1.19962834485339e-07,2.5629286382801143e-07,4.193576524307453e-07,4.4703875690212524e-07,4.3697631854286106e-07,1.6371745198348752e-06
hard_coal_plant_CCS,EL,9.970329033891027e-08,2.4654284552877295e-07,5.19052429658038e-07,5.677540512943079e-07,5.308751759919394e-07,1.8398357972784766e-06
hard_coal_plant_CCS,ES,9.405594314565453e-08,1.719876160374638e-07,2.657611582327927e-07,3.76291153869889e-07,3.8868929845673516e-07,1.551227207374547e-06
hard_coal_plant_CCS,FI,1.2134276658034844e-07,2.4400102887543045e-07,4.34752959519322e-07,5.387542020584202e-07,5.440738665182198e-07,1.9376858316055236e-06
hard_coal_plant_CCS,FR,1.0702999788733892e-07,2.732101464648345e-07,4.3344288814629724e-07,5.399852182380205e-07,5.13521820945005e-07,1.7256284297604405e-06
hard_coal_plant_CCS,HR,1.2985177964080955e-07,3.5059396426333587e-07,6.95812499992895e-07,6.943071606854479e-07,6.168000098237751e-07,1.828906822531814e-06
hard_coal_plant_CCS,HU,1.0125793618280387e-07,2.430594170773222e-07,4.238680093915748e-07,4.5009320755187115e-07,4.300469923504723e-07,1.6289797474188475e-06
hard_coal_plant_CCS,IE,1.041188315812627e-07,2.6492051535648105e-07,4.419001478937547e-07,4.950283359819324e-07,4.938584459526572e-07,1.7288084947211566e-06
hard_coal_plant_CCS,IT,1.1204410906862814e-07,2.869510438397052e-07,6.32346245381103e-07,6.328100188333277e-07,5.701247619664486e-07,1.7654279096444347e-06
hard_coal_plant_CCS,LT,1.1867286075747921e-07,2.5214439312286465e-07,3.9845977720427515e-07,4.205991271164418e-07,4.1777870546410533e-07,1.5986966328802262e-06
hard_coal_plant_CCS,LU,1.0700327968210487e-07,2.7106226590054484e-07,4.104464256201488e-07,4.790018070591094e-07,4.6472098595160924e-07,1.7625117751453901e-06
hard_coal_plant_CCS,LV,1.1924629343854619e-07,2.5317714398552146e-07,3.9905044527141386e-07,4.2658972345377695e-07,4.2867711095502996e-07,1.6555670228824579e-06
hard_coal_plant_CCS,NL,1.1239778736475859e-07,3.2345646030528966e-07,7.465337146536676e-07,7.253815867766318e-07,6.510415166045811e-07,1.8258008641908479e-06
hard_coal_plant_CCS,NO,1.226608943000649e-07,2.550064623870941e-07,4.82337130077395e-07,5.566619307939134e-07,5.43520580339272e-07,1.8463139282680803e-06
hard_coal_plant_CCS,PL,1.246635208850256e-07,3.20776389440539e-07,5.492647957914789e-07,5.510505429346569e-07,5.202362297906903e-07,1.7618765686731605e-06
hard_coal_plant_CCS,PT,9.173324788880104e-08,1.6269460787834777e-07,2.4988720146059273e-07,3.3999252559692483e-07,3.6099918260512766e-07,1.4606692036697712e-06
hard_coal_plant_CCS,RO,9.952724789252236e-08,2.591177379142324e-07,4.278164569476685e-07,4.484964968614009e-07,4.320504990103907e-07,1.57982755039402e-06
hard_coal_plant_CCS,SE,1.2363104644507633e-07,2.559909636672599e-07,4.858558424412741e-07,5.876037813268643e-07,5.906618258713695e-07,2.0241533337263244e-06
hard_coal_plant_CCS,SI,1.0778736882881116e-07,2.6974264135936207e-07,5.804107851740456e-07,5.758079402443707e-07,5.226560986103699e-07,1.741258027640884e-06
hard_coal_plant_CCS,SK,1.1274653139535603e-07,3.1168310702490117e-07,5.255897889327509e-07,5.288054763478659e-07,4.993730008003012e-07,1.7462887524235537e-06
hard_coal_plant_CCS,UK,1.0441763291971089e-07,2.953269138156969e-07,5.114348663802407e-07,5.552996442015058e-07,5.285729670987278e-07,1.7114104597808326e-06
heat_pump,AT,45.872796782371,30.387450263371917,12.386790091819615,35.89372155668439,226.14199645134292,290.3881313335094
heat_pump,BE,47.295515991085615,34.119524569545696,67.12170539608243,118.8154435969336,366.54758940365866,519.3970780289484
heat_pump,BG,63.93606026008451,67.90129604661071,53.436448760397866,69.76244648760878,128.6140382832821,127.08365511115679
heat_pump,CH,62.15366942596481,41.172365123404646,16.78302851101258,48.63288605504125,334.8491144506798,419.34432635508136
heat_pump,CZ,37.374907169678956,28.388892086762493,30.608769532702333,133.17679999332725,344.66576459877524,363.13064934393543
heat_pump,DE,145.4776328143515,86.16315240385795,40.95320858815866,833.5442088892231,2312.893893466112,2624.692472186062
heat_pump,DK,317.7447316070552,313.9926669937544,270.16330094750083,292.15654286355874,290.9164484411131,291.1218135845264
heat_pump,EE,1.0321944006311674,0.7437581693853268,1.6663615011733517,5.324219558173385,36.625416896118296,35.55058491397534
heat_pump,EL,421.85520084589945,400.473632862284,344.6267124124068,354.9331697487571,353.09661320801223,347.3569996357002
heat_pump,ES,440.8374296509861,529.2114003269243,483.69280249951527,509.7786982441825,540.2685822214944,531.4864538444399
heat_pump,FI,83.49689309924699,55.4504262838273,42.064638389703696,46.62904019006555,217.8935361513759,232.39243381064065
heat_pump,FR,1916.161107192418,2035.7114575462956,1980.7577476202034,2166.4681677596627,2177.6493211077877,2142.398997767881
heat_pump,HR,45.098656606304516,51.81235688191762,50.364940383277606,69.79476142344365,116.28215459321528,114.39200084650119
heat_pump,HU,212.98151503668643,226.64744071377214,251.4585053124997,375.2263334813483,394.18351387604275,387.77601611748844
heat_pump,IE,163.29789944766543,150.43725258595626,134.26984276815224,142.49240032696977,149.36835734177373,146.94035749650456
heat_pump,IT,1163.3033896635432,1555.5919551916054,1816.4822388799294,2032.554582522915,2065.788169517499,2126.2200641841573
heat_pump,LT,68.777173744851,68.21713178541816,63.77829383151949,78.35878013223498,79.41684120752673,78.25223671974096
heat_pump,LU,4.570908627335775,3.5558002808976092,5.089275133353439,9.857670849137945,30.054031059853344,33.87891563359481
heat_pump,LV,1.2643489083596582,0.8219266505248923,3.9762473195391577,7.258467232916088,45.96411004062455,51.28757170943936
heat_pump,NL,30.319371558188315,24.91280237234755,217.89117122743951,238.92491904103508,385.72459435425077,618.3991615458165
heat_pump,NO,182.31968160435713,53.41728934434284,46.884617982602954,52.33265659624395,271.4480625096766,267.0356514024007
heat_pump,PL,231.6324479969929,245.9552482386171,226.6295320614965,310.8760816907172,999.4486608864129,1003.6909326617496
heat_pump,PT,48.052352675799376,44.463699165520204,41.529055014054876,42.909395692277556,42.36219363015127,41.67359036361969
heat_pump,RO,53.470849012964464,47.838111704883524,65.74097295826225,106.29945537920419,134.06515818066222,180.6399276267255
heat_pump,SE,146.0972256183913,82.92026827079978,80.00653898306304,81.66117829401045,271.0916263636486,307.4510657097819
heat_pump,SI,56.863546154486414,50.39240356569075,43.020182081794445,45.01619810359201,52.73456660082444,54.05194504717771
heat_pump,SK,10.134794699382848,8.305728956256793,25.921317384646265,33.943123199588904,80.4977442579341,96.2171057439006
heat_pump,UK,1129.7727225225544,1699.7077695507596,1880.8460198279415,2096.5417259276574,2158.9957574460636,2123.9010368456134
hydrogen_storage,AT,1.5418730304657186e-06,1.8928147932296557e-06,2.6683655721014087e-06,3.763385303264319e-06,5.27503662114927e-06,3.326408617396601e-05
hydrogen_storage,BE,1.5389264618302686e-06,1.920244147012414e-06,2.6906554296534206e-06,3.747566493166381e-06,5.2691675913401e-06,3.256089496623561e-05
hydrogen_storage,BG,1.5305887270679395e-06,1.8799038891310595e-06,2.6464420511660303e-06,3.77324667561698e-06,5.266961581230992e-06,3.3752913961687126e-05
hydrogen_storage,CH,1.53969558313498e-06,1.8914930823671874e-06,2.6787513913558564e-06,3.7657194999130476e-06,5.312152328488149e-06,3.3644411658883846e-05
hydrogen_storage,CZ,1.545146365229784e-06,1.8837453640292951e-06,2.652561732507661e-06,3.781829024967462e-06,5.394795244011356e-06,3.404864557365286e-05
hydrogen_storage,DE,1.5542904773672396e-06,2.0112844333674004e-06,2.7900606732866314e-06,3.8796256798005145e-06,5.375828671643233e-06,3.230799426901732e-05
hydrogen_storage,DK,1.5434766074335588e-06,1.8923150420374293e-06,2.6665668122394756e-06,3.7230347095333773e-06,5.254053024959087e-06,3.292735240647577e-05
hydrogen_storage,EE,1.5322756471743348e-06,1.8828100594981762e-06,2.6620691413662787e-06,3.774718717216321e-06,5.3048014464741885e-06,3.313536302605228e-05
hydrogen_storage,EL,1.5444208481075715e-06,1.897551686388027e-06,2.6643898895740075e-06,3.8178302426965596e-06,5.323285583132243e-06,3.436516988489164e-05
hydrogen_storage,ES,1.5337474651113892e-06,1.9551697590166434e-06,2.6978069865453634e-06,3.819231586151717e-06,5.368113506141459e-06,3.2783361357998965e-05
hydrogen_storage,FI,1.5434632983776627e-06,1.9076737848809326e-06,2.680648172190763e-06,3.7224542873008384e-06,5.242400638328428e-06,3.2894079786090394e-05
hydrogen_storage,FR,1.5245889244743652e-06,1.984828576213204e-06,2.7096361132553774e-06,3.811443276576567e-06,5.2835570559818495e-06,3.2003604317390276e-05
hydrogen_storage,HR,1.5347084818960536e-06,1.8697852711493485e-06,2.6671317936133445e-06,3.8023910230211847e-06,5.302553908764349e-06,3.354938412786261e-05
hydrogen_storage,HU,1.5364580243002414e-06,1.8827013726703746e-06,2.6605201029109103e-06,3.810693744324007e-06,5.341761274613626e-06,3.384806393071265e-05
hydrogen_storage,IE,1.5382844773758288e-06,1.9056518646530536e-06,2.645833583630166e-06,3.711502456434304e-06,5.146806410260604e-06,3.2611619038738635e-05
hydrogen_storage,IT,1.5340069750818878e-06,1.966647873456223e-06,2.7670254170782024e-06,3.905805138001848e-06,5.350976426215327e-06,3.290183705065255e-05
hydrogen_storage,LT,1.5350708590574172e-06,1.8845129592872935e-06,2.6384437198088973e-06,3.7795803386471097e-06,5.29435232543262e-06,3.300629134135285e-05
hydrogen_storage,LU,1.5188562987963292e-06,1.8719102934963943e-06,2.611425866990073e-06,3.667232454588815e-06,5.167674159299014e-06,3.276083127741347e-05
hydrogen_storage,LV,1.5280978417005788e-06,1.8758424172942755e-06,2.6613751818046014e-06,3.7705040126392688e-06,5.289953275653463e-06,3.3113506584897125e-05
hydrogen_storage,NL,1.5422327832960876e-06,1.9405264339271974e-06,2.729755526526989e-06,3.7819999498367827e-06,5.284638192265382e-06,3.291153902819402e-05
hydrogen_storage,NO,1.5325854024464526e-06,1.958518216235242e-06,2.7028452833543467e-06,3.7751017814636316e-06,5.249570523683928e-06,3.23842212258792e-05
hydrogen_storage,PL,1.5485001812689207e-06,1.933085337035657e-06,2.7090914496614894e-06,3.8487198389446826e-06,5.317015844561918e-06,3.3451474965291756e-05
hydrogen_storage,PT,1.5392359589011027e-06,1.892796381232283e-06,2.6539144949180867e-06,3.740015175981066e-06,5.245243974063438e-06,3.2850744789276855e-05
hydrogen_storage,RO,1.525025883993437e-06,1.8762914996410963e-06,2.6629742594073827e-06,3.764926306145863e-06,5.36708568912613e-06,3.446068237476787e-05
hydrogen_storage,SE,1.5365097834979154e-06,1.9401493140574286e-06,2.720155846216564e-06,3.7605413290225617e-06,5.285035758348596e-06,3.2777587909122184e-05
hydrogen_storage,SI,1.5300899218486293e-06,1.868402357321436e-06,2.6681421624662994e-06,3.8067367776604187e-06,5.324684333014022e-06,3.380016083029019e-05
hydrogen_storage,SK,1.5332724592668763e-06,1.8775970395852729e-06,2.652990969791709e-06,3.769197527905098e-06,5.36276770647116e-06,3.423378016706696e-05
hydrogen_storage,UK,1.531246377137145e-06,2.0015398507933443e-06,2.759362927786139e-06,3.836867388409866e-06,5.311377102374422e-06,3.203255681613544e-05
lignite_coal_plant,AT,3.539706631117593e-07,2.810830609135099e-07,2.81559897879759e-07,2.854608976668816e-07,3.0941301476431636e-07,1.4210738682463065e-06
lignite_coal_plant,BE,3.413393707177626e-07,2.719739240438864e-07,2.7592219910395866e-07,2.823225058385062e-07,3.082929944002948e-07,1.4189142291441954e-06
lignite_coal_plant,BG,34.854887507507605,28.2677169240931,26.7667995735056,26.212677587868306,25.25940886433724,24.620303046062947
lignite_coal_plant,CH,3.030250827063218e-07,2.4578905271901105e-07,2.490434308410885e-07,2.5987242521133024e-07,2.948394429410696e-07,1.4049811240932973e-06
lignite_coal_plant,CZ,27.82898176641544,14.41222816362527,8.510496735683192,6.634555588483434,2.6919735136794685e-07,1.3514431056429328e-06
lignite_coal_plant,DE,687.325894974222,217.09029658438797,191.45233050004515,185.12700555545192,77.82682261855535,1.6224669733215975
lignite_coal_plant,DK,2.7517481101409376e-07,2.3600635689313157e-07,2.4051814791925176e-07,2.521225382050249e-07,2.8519044736609067e-07,1.3700933684796581e-06
lignite_coal_plant,EE,2.47024210849957e-07,2.2750189312587124e-07,2.3358491519690916e-07,2.469389394892264e-07,2.8028508023796403e-07,1.345761378838495e-06
lignite_coal_plant,EL,115.99112799741151,82.64833158273741,17.84926949165241,17.638983843067976,17.231011108880942,1.1647337015471314e-06
lignite_coal_plant,ES,3.6369950075635926,2.6393280018014753,2.6249637383483986,1.9603680813669038e-07,2.573056100096819e-07,1.0705887128305746e-06
lignite_coal_plant,FI,2.0488671707985615e-07,1.9776289558930466e-07,2.1311929494380972e-07,2.361980153586101e-07,2.8333416384085786e-07,1.4099300000365546e-06
lignite_coal_plant,FR,1.7542537171612762e-07,1.8608027984928522e-07,2.0947347908914863e-07,2.3611104209775516e-07,2.861596445676108e-07,1.3788039367835545e-06
lignite_coal_plant,HR,3.1396733098301774e-07,2.603777293801111e-07,2.570308869489787e-07,2.6335928409117907e-07,2.848010105615453e-07,1.3925363290819625e-06
lignite_coal_plant,HU,1.640304725712389e-07,1.55896627101831e-07,1.9251491923440752e-07,2.2215610395874648e-07,2.6460360305864054e-07,1.3463965299662735e-06
lignite_coal_plant,IE,1.565556141624973e-07,1.6630657007977495e-07,1.9135266045790648e-07,2.180314596020506e-07,2.661558249771547e-07,1.2971265101338027e-06
lignite_coal_plant,IT,2.0542820948164524e-07,1.7670748521254114e-07,1.8653795657818884e-07,2.2408467926276625e-07,2.772304937594662e-07,1.3680971990863027e-06
lignite_coal_plant,LT,2.4999862975784164e-07,2.2986151149989933e-07,2.3484731180270118e-07,2.485377494644677e-07,2.7958836427205245e-07,1.3390900467891108e-06
lignite_coal_plant,LU,1.7269358561220985e-07,1.7717774363167587e-07,2.0024007398154487e-07,2.2569594624336128e-07,2.759665499347977e-07,1.3753978161575074e-06
lignite_coal_plant,LV,2.5212762195100626e-07,2.311029852167729e-07,2.3583866096227687e-07,2.481432604098943e-07,2.8091083506708427e-07,1.3714840692504762e-06
lignite_coal_plant,NL,2.4083874583979863e-07,2.0516706308712892e-07,2.2076691647379158e-07,2.4406114521639924e-07,2.905410443594946e-07,1.3971466777826317e-06
lignite_coal_plant,NO,1.99727590766354e-07,1.9241736326811273e-07,2.0355174562302195e-07,2.229123350841816e-07,2.667572381918524e-07,1.3058571241600235e-06
lignite_coal_plant,PL,315.2474648825703,19.55196370054326,19.44553116588621,19.216494566076843,18.608713663738975,18.137954366164095
lignite_coal_plant,PT,1.3608707946750815e-07,1.2580101589340051e-07,1.3861807114367304e-07,1.9879295413656825e-07,2.51867273774048e-07,1.0360162905769687e-06
lignite_coal_plant,RO,74.21893571959029,54.63750339766568,10.97400757929488,8.919048126207668,8.636955723999689,8.418459908605113
lignite_coal_plant,SE,2.1405142497735552e-07,2.044393139085245e-07,2.1618227658749154e-07,2.3669327571578565e-07,2.806660133050933e-07,1.3848953498029123e-06
lignite_coal_plant,SI,1.9903623026802436e-07,1.7442904489640846e-07,2.0397965367495991e-07,2.2559427795781874e-07,2.725463850682954e-07,1.3651230551869797e-06
lignite_coal_plant,SK,2.321198652496549e-07,2.0911499969346593e-07,2.1987330922045357e-07,2.3675549958304996e-07,2.7192144327188223e-07,1.3719158107301783e-06
lignite_coal_plant,UK,1.6279058876121382e-07,1.8016042553575575e-07,2.0497775727723144e-07,2.3153310550832694e-07,2.7705309319308577e-07,1.3401610144220188e-06
lng_terminal,AT,0.0,0.0,0.0,0.0,0.0,0.0
lng_terminal,BE,1.314267057130367e-07,1.3442346744218734e-06,1.2372488463770217e-06,7.756860796299944e-07,3.4977875284613565e-07,2.048224261321324e-06
lng_terminal,BG,0.0,0.0,0.0,0.0,0.0,0.0
lng_terminal,CH,0.0,0.0,0.0,0.0,0.0,0.0
lng_terminal,CZ,0.0,0.0,0.0,0.0,0.0,0.0
lng_terminal,DE,7.295742324089691e-08,30.245889188598184,1.914335787500827e-05,2.0455019791660623e-06,6.991840056150221e-07,4.119020693585976e-06
lng_terminal,DK,0.0,0.0,0.0,0.0,0.0,0.0
lng_terminal,EE,5.5344839253755846e-08,6.34980723789401,4.729928571702135,1.327598436768252,1.0661752149156591,1.052937863158564
lng_terminal,EL,8.657537719269152e-08,4.049808767357421e-07,2.2168829978714917e-07,2.4956714005192654e-07,2.513041930029428e-07,1.3955485045720193e-06
lng_terminal,ES,1.0534285740328955e-07,4.5383184959824467e-07,4.6227648109702935e-07,2.7271934035668347e-07,2.572411563079103e-07,1.48358602264877e-06
lng_terminal,FI,5.618699687349588e-08,1.089475467955033,0.8019872959159665,0.7689787555868897,1.1251281112808784,1.1251295685100622
lng_terminal,FR,1.842804052660049e-07,120.58875176351927,5.047761419814437e-06,4.907197680963658e-07,4.077871978037022e-07,2.533213454267498e-06
lng_terminal,HR,6.067028850532825e-08,33.67950978565278,5.972889354628239,9.843386071245022e-07,3.409672183146805e-07,1.6698331206904887e-06
lng_terminal,HU,0.0,0.0,0.0,0.0,0.0,0.0
lng_terminal,IE,0.0,0.0,0.0,0.0,0.0,0.0
lng_terminal,IT,1.3224200190160784e-07,30.913792344534258,4.0146878267972974e-07,4.018111660309619e-07,2.527320177860988e-07,1.4512845944261198e-06
lng_terminal,LT,8.702177575286196e-08,43.743549377337594,36.88437734392524,24.173813493342916,5.799580720318286e-07,2.279114716237374e-06
lng_terminal,LU,0.0,0.0,0.0,0.0,0.0,0.0
lng_terminal,LV,0.0,0.0,0.0,0.0,0.0,0.0
lng_terminal,NL,1.187932377610888e-07,1.06384256489581e-06,9.541764191988336e-07,8.100102898558371e-07,3.643772350308065e-07,2.0685705444068857e-06
lng_terminal,NO,0.0,0.0,0.0,0.0,0.0,0.0
lng_terminal,PL,6.614207937742621e-08,119.81904478973739,115.74385386481836,115.70905141887853,0.42952422658063366,2.495712685305743
lng_terminal,PT,1.30369091624746e-07,7.669906606568688e-07,7.449675078733947e-07,3.2530863857307695e-07,2.991388838049401e-07,1.7198143881109068e-06
lng_terminal,RO,0.0,0.0,0.0,0.0,0.0,0.0
lng_terminal,SE,0.0,0.0,0.0,0.0,0.0,0.0
lng_terminal,SI,0.0,0.0,0.0,0.0,0.0,0.0
lng_terminal,SK,0.0,0.0,0.0,0.0,0.0,0.0
lng_terminal,UK,1.2602883822641613e-07,4.414900655689615e-07,3.904182201510357e-07,3.245727434618722e-07,2.5626108028790967e-07,1.4759216412071857e-06
natural_gas_boiler,AT,328.6232566012168,385.92494377975277,354.3539927688012,326.6496721582559,85.05187891164063,8.008347201241202
natural_gas_boiler,BE,587.5190709091169,605.7124275303778,570.4967863804201,507.36898664294466,198.09942284223308,102.56381534958993
natural_gas_boiler,BG,88.47951505300126,78.66367687722241,78.1655679931462,74.71817725206608,0.698870576482385,0.6907998803651323
natural_gas_boiler,CH,473.0864142218436,487.6412128132674,505.2880251900268,467.60611516123606,112.71726480426227,69.82258659638424
natural_gas_boiler,CZ,421.80788249219705,425.94607999293703,415.0546720563992,293.86103372160807,30.02212668466133,3.0621201742797254e-06
natural_gas_boiler,DE,3698.54059278145,3822.962326200597,3900.2508637934952,3054.416653127358,1205.018188522662,762.0948267479534
natural_gas_boiler,DK,55.402924888531444,45.21747335739335,25.59856940540067,4.2294342314717195,0.12942017515677842,0.12792564726938438
natural_gas_boiler,EE,44.919950213965905,45.00188555186507,43.61321934163236,40.84346387371965,0.6427012926229586,0.3003976900295762
natural_gas_boiler,EL,62.215531427654106,43.38143679695002,20.518578485086262,5.918173304848895,1.1803852383231326,1.166754151795031
natural_gas_boiler,ES,225.85370288303284,141.59049635657925,84.85637602912838,47.11898788850169,22.683938931806352,22.421984461885156
natural_gas_boiler,FI,188.13808400118197,229.20567074876251,228.32996092779723,226.34004229008877,41.7529486517343,0.47965711293348795
natural_gas_boiler,FR,887.9768031434318,608.0376554627051,282.89410992367976,56.514175393660466,56.18681375531343,55.5379675383839
natural_gas_boiler,HR,101.27727224733644,90.57826744472504,79.30896321310209,58.75492091083623,1.2529475568646,1.2384784678980163
natural_gas_boiler,HU,268.92513666583943,236.1393787148957,187.0002207677973,30.796469888386493,23.28062675652003,23.01178173657314
natural_gas_boiler,IE,44.8842651096323,42.263515322831275,23.639132489090425,11.29624891638182,7.906246010364452,7.814944578093217
natural_gas_boiler,IT,1478.6420516467672,998.463733133749,380.8697941403644,113.01214636355711,31.73422292834908,31.36775554091881
natural_gas_boiler,LT,17.415487571304855,11.570697383275434,6.858054069420424,2.5887147378054967,1.9399245370970088,1.917522294108537
natural_gas_boiler,LU,39.028123214185975,39.863933094344716,36.63416176644906,30.534433789724837,5.380625004573117,5.318489498019781
natural_gas_boiler,LV,60.23544401407085,60.40881467389809,56.28720678121008,53.13104469252254,5.183823530015174,1.3527641803575114
natural_gas_boiler,NL,717.4635871349435,725.6817877407092,498.93507044570805,475.3435682839808,300.05034160886044,1.96437163637227
natural_gas_boiler,NO,169.91191824230046,274.2974959296788,273.2910511325427,271.4833236773126,103.75526075094109,2.781056947763765e-06
natural_gas_boiler,PL,1056.778273847409,1019.701004179671,976.7462474139006,881.7325803261335,25.557579843518262,25.262440524514155
natural_gas_boiler,PT,8.366694787740947,5.363377845942964,1.5783195191595774,0.5629616570951719,0.5597006723442016,0.5532372679082863
natural_gas_boiler,RO,99.93586897820084,100.1097466657283,74.03102466358341,52.54628452743835,32.17100605440869,8.377439789901196
natural_gas_boiler,SE,187.89033592634962,238.05272083005187,236.1493318730388,233.53819776452434,50.85221716322508,3.26557247913883e-06
natural_gas_boiler,SI,19.570544182794716,20.392248222329123,16.05094665261409,13.14262870220178,2.7126106706753403,2.8675620438994308e-06
natural_gas_boiler,SK,112.85390750827729,113.52153541195398,89.8409291706341,79.19978862636569,20.94671921203764,9.379016156076515
natural_gas_boiler,UK,1614.359943479843,1005.6865277614326,402.11490383711237,118.42103037592172,74.75730126023984,73.89400275934362
natural_gas_pipeline,AT-CH,0.0,0.0,0.0,0.0,0.0,0.0
natural_gas_pipeline,AT-CZ,0.0,0.0,0.0,0.0,0.0,0.0
natural_gas_pipeline,AT-DE,0.0,0.0,0.0,0.0,0.0,0.0
natural_gas_pipeline,AT-HU,0.0,0.0,0.0,0.0,0.0,0.0
natural_gas_pipeline,AT-IT,0.0,0.0,0.0,0.0,0.0,0.0
natural_gas_pipeline,AT-SI,0.0,0.0,0.0,0.0,0.0,0.0
natural_gas_pipeline,AT-SK,0.0,0.0,0.0,0.0,0.0,0.0
natural_gas_pipeline,BE-DE,0.0,0.0,0.0,0.0,0.0,0.0
natural_gas_pipeline,BE-FR,0.0,0.0,0.0,0.0,0.0,0.0
natural_gas_pipeline,BE-LU,0.0,0.0,0.0,0.0,0.0,0.0
natural_gas_pipeline,BE-NL,0.0,0.0,0.0,0.0,0.0,0.0
natural_gas_pipeline,BE-NO,0.0,0.0,0.0,0.0,0.0,0.0
natural_gas_pipeline,BE-UK,0.0,0.0,0.0,0.0,0.0,0.0
natural_gas_pipeline,BG-EL,0.0,0.0,0.0,0.0,0.0,0.0
natural_gas_pipeline,BG-RO,0.0,0.0,0.0,0.0,0.0,0.0
natural_gas_pipeline,CH-AT,0.0,0.0,0.0,0.0,0.0,0.0
natural_gas_pipeline,CH-DE,0.0,0.0,0.0,0.0,0.0,0.0
natural_gas_pipeline,CH-FR,0.0,0.0,0.0,0.0,0.0,0.0
natural_gas_pipeline,CH-IT,0.0,0.0,0.0,0.0,0.0,0.0
natural_gas_pipeline,CZ-AT,0.0,0.0,0.0,0.0,0.0,0.0
natural_gas_pipeline,CZ-DE,0.0,0.0,0.0,0.0,0.0,0.0
natural_gas_pipeline,CZ-PL,0.0,0.0,0.0,0.0,0.0,0.0
natural_gas_pipeline,CZ-SK,0.0,0.0,0.0,0.0,0.0,0.0
natural_gas_pipeline,DE-AT,0.0,0.0,0.0,0.0,0.0,0.0
natural_gas_pipeline,DE-BE,0.0,0.0,0.0,0.0,0.0,0.0
natural_gas_pipeline,DE-CH,0.0,0.0,0.0,0.0,0.0,0.0
natural_gas_pipeline,DE-CZ,0.0,0.0,0.0,0.0,0.0,0.0
natural_gas_pipeline,DE-DK,0.0,0.0,0.0,0.0,0.0,0.0
natural_gas_pipeline,DE-FR,0.0,0.0,0.0,0.0,0.0,0.0
natural_gas_pipeline,DE-LU,0.0,0.0,0.0,0.0,0.0,0.0
natural_gas_pipeline,DE-NL,0.0,0.0,0.0,0.0,0.0,0.0
natural_gas_pipeline,DE-NO,0.0,0.0,0.0,0.0,0.0,0.0
natural_gas_pipeline,DE-PL,0.0,0.0,0.0,0.0,0.0,0.0
natural_gas_pipeline,DE-SE,0.0,0.0,0.0,0.0,0.0,0.0
natural_gas_pipeline,DE-UK,0.0,0.0,0.0,0.0,0.0,0.0
natural_gas_pipeline,DK-DE,0.0,0.0,0.0,0.0,0.0,0.0
natural_gas_pipeline,DK-NL,0.0,0.0,0.0,0.0,0.0,0.0
natural_gas_pipeline,DK-NO,0.0,0.0,0.0,0.0,0.0,0.0
natural_gas_pipeline,DK-SE,0.0,0.0,0.0,0.0,0.0,0.0
natural_gas_pipeline,DK-UK,0.0,0.0,0.0,0.0,0.0,0.0
natural_gas_pipeline,EE-FI,0.0,0.0,0.0,0.0,0.0,0.0
natural_gas_pipeline,EE-LV,0.0,0.0,0.0,0.0,0.0,0.0
natural_gas_pipeline,EL-BG,0.0,0.0,0.0,0.0,0.0,0.0
natural_gas_pipeline,EL-IT,0.0,0.0,0.0,0.0,0.0,0.0
natural_gas_pipeline,ES-FR,0.0,0.0,0.0,0.0,0.0,0.0
natural_gas_pipeline,ES-PT,0.0,0.0,0.0,0.0,0.0,0.0
natural_gas_pipeline,FI-EE,0.0,0.0,0.0,0.0,0.0,0.0
natural_gas_pipeline,FI-NO,0.0,0.0,0.0,0.0,0.0,0.0
natural_gas_pipeline,FI-SE,0.0,0.0,0.0,0.0,0.0,0.0
natural_gas_pipeline,FR-BE,0.0,0.0,0.0,0.0,0.0,0.0
natural_gas_pipeline,FR-CH,0.0,0.0,0.0,0.0,0.0,0.0
natural_gas_pipeline,FR-DE,0.0,0.0,0.0,0.0,0.0,0.0
natural_gas_pipeline,FR-ES,0.0,0.0,0.0,0.0,0.0,0.0
natural_gas_pipeline,FR-IT,0.0,0.0,0.0,0.0,0.0,0.0
natural_gas_pipeline,FR-LU,0.0,0.0,0.0,0.0,0.0,0.0
natural_gas_pipeline,FR-NO,0.0,0.0,0.0,0.0,0.0,0.0
natural_gas_pipeline,FR-UK,0.0,0.0,0.0,0.0,0.0,0.0
natural_gas_pipeline,HR-HU,0.0,0.0,0.0,0.0,0.0,0.0
natural_gas_pipeline,HR-SI,0.0,0.0,0.0,0.0,0.0,0.0
natural_gas_pipeline,HU-AT,0.0,0.0,0.0,0.0,0.0,0.0
natural_gas_pipeline,HU-HR,0.0,0.0,0.0,0.0,0.0,0.0
natural_gas_pipeline,HU-RO,0.0,0.0,0.0,0.0,0.0,0.0
natural_gas_pipeline,HU-SI,0.0,0.0,0.0,0.0,0.0,0.0
natural_gas_pipeline,HU-SK,0.0,0.0,0.0,0.0,0.0,0.0
natural_gas_pipeline,IE-UK,0.0,0.0,0.0,0.0,0.0,0.0
natural_gas_pipeline,IT-AT,0.0,0.0,0.0,0.0,0.0,0.0
natural_gas_pipeline,IT-CH,0.0,0.0,0.0,0.0,0.0,0.0
natural_gas_pipeline,IT-EL,0.0,0.0,0.0,0.0,0.0,0.0
natural_gas_pipeline,IT-FR,0.0,0.0,0.0,0.0,0.0,0.0
natural_gas_pipeline,IT-SI,0.0,0.0,0.0,0.0,0.0,0.0
natural_gas_pipeline,LT-LV,0.0,0.0,0.0,0.0,0.0,0.0
natural_gas_pipeline,LT-PL,0.0,0.0,0.0,0.0,0.0,0.0
natural_gas_pipeline,LT-SE,0.0,0.0,0.0,0.0,0.0,0.0
natural_gas_pipeline,LU-BE,0.0,0.0,0.0,0.0,0.0,0.0
natural_gas_pipeline,LU-DE,0.0,0.0,0.0,0.0,0.0,0.0
natural_gas_pipeline,LU-FR,0.0,0.0,0.0,0.0,0.0,0.0
natural_gas_pipeline,LV-EE,0.0,0.0,0.0,0.0,0.0,0.0
natural_gas_pipeline,LV-LT,0.0,0.0,0.0,0.0,0.0,0.0
natural_gas_pipeline,NL-BE,0.0,0.0,0.0,0.0,0.0,0.0
natural_gas_pipeline,NL-DE,0.0,0.0,0.0,0.0,0.0,0.0
natural_gas_pipeline,NL-DK,0.0,0.0,0.0,0.0,0.0,0.0
natural_gas_pipeline,NL-NO,0.0,0.0,0.0,0.0,0.0,0.0
natural_gas_pipeline,NL-UK,0.0,0.0,0.0,0.0,0.0,0.0
natural_gas_pipeline,NO-BE,0.0,0.0,0.0,0.0,0.0,0.0
natural_gas_pipeline,NO-DE,0.0,0.0,0.0,0.0,0.0,0.0
natural_gas_pipeline,NO-DK,0.0,0.0,0.0,0.0,0.0,0.0
natural_gas_pipeline,NO-FI,0.0,0.0,0.0,0.0,0.0,0.0
natural_gas_pipeline,NO-FR,0.0,0.0,0.0,0.0,0.0,0.0
natural_gas_pipeline,NO-NL,0.0,0.0,0.0,0.0,0.0,0.0
natural_gas_pipeline,NO-SE,0.0,0.0,0.0,0.0,0.0,0.0
natural_gas_pipeline,NO-UK,0.0,0.0,0.0,0.0,0.0,0.0
natural_gas_pipeline,PL-CZ,0.0,0.0,0.0,0.0,0.0,0.0
natural_gas_pipeline,PL-DE,0.0,0.0,0.0,0.0,0.0,0.0
natural_gas_pipeline,PL-LT,0.0,0.0,0.0,0.0,0.0,0.0
natural_gas_pipeline,PL-SE,0.0,0.0,0.0,0.0,0.0,0.0
natural_gas_pipeline,PL-SK,0.0,0.0,0.0,0.0,0.0,0.0
natural_gas_pipeline,PT-ES,0.0,0.0,0.0,0.0,0.0,0.0
natural_gas_pipeline,RO-BG,0.0,0.0,0.0,0.0,0.0,0.0
natural_gas_pipeline,RO-HU,0.0,0.0,0.0,0.0,0.0,0.0
natural_gas_pipeline,SE-DE,0.0,0.0,0.0,0.0,0.0,0.0
natural_gas_pipeline,SE-DK,0.0,0.0,0.0,0.0,0.0,0.0
natural_gas_pipeline,SE-FI,0.0,0.0,0.0,0.0,0.0,0.0
natural_gas_pipeline,SE-LT,0.0,0.0,0.0,0.0,0.0,0.0
natural_gas_pipeline,SE-NO,0.0,0.0,0.0,0.0,0.0,0.0
natural_gas_pipeline,SE-PL,0.0,0.0,0.0,0.0,0.0,0.0
natural_gas_pipeline,SI-AT,0.0,0.0,0.0,0.0,0.0,0.0
natural_gas_pipeline,SI-HR,0.0,0.0,0.0,0.0,0.0,0.0
natural_gas_pipeline,SI-HU,0.0,0.0,0.0,0.0,0.0,0.0
natural_gas_pipeline,SI-IT,0.0,0.0,0.0,0.0,0.0,0.0
natural_gas_pipeline,SK-AT,0.0,0.0,0.0,0.0,0.0,0.0
natural_gas_pipeline,SK-CZ,0.0,0.0,0.0,0.0,0.0,0.0
natural_gas_pipeline,SK-HU,0.0,0.0,0.0,0.0,0.0,0.0
natural_gas_pipeline,SK-PL,0.0,0.0,0.0,0.0,0.0,0.0
natural_gas_pipeline,UK-BE,0.0,0.0,0.0,0.0,0.0,0.0
natural_gas_pipeline,UK-DE,0.0,0.0,0.0,0.0,0.0,0.0
natural_gas_pipeline,UK-DK,0.0,0.0,0.0,0.0,0.0,0.0
natural_gas_pipeline,UK-FR,0.0,0.0,0.0,0.0,0.0,0.0
natural_gas_pipeline,UK-IE,0.0,0.0,0.0,0.0,0.0,0.0
natural_gas_pipeline,UK-NL,0.0,0.0,0.0,0.0,0.0,0.0
natural_gas_pipeline,UK-NO,0.0,0.0,0.0,0.0,0.0,0.0
natural_gas_storage,AT,0.0,0.0,0.0,0.0,0.0,0.0
natural_gas_storage,BE,0.0,0.0,0.0,0.0,0.0,0.0
natural_gas_storage,BG,0.0,0.0,0.0,0.0,0.0,0.0
natural_gas_storage,CH,0.0,0.0,0.0,0.0,0.0,0.0
natural_gas_storage,CZ,0.0,0.0,0.0,0.0,0.0,0.0
natural_gas_storage,DE,0.0,0.0,0.0,0.0,0.0,0.0
natural_gas_storage,DK,0.0,0.0,0.0,0.0,0.0,0.0
natural_gas_storage,EE,0.0,0.0,0.0,0.0,0.0,0.0
natural_gas_storage,EL,0.0,0.0,0.0,0.0,0.0,0.0
natural_gas_storage,ES,0.0,0.0,0.0,0.0,0.0,0.0
natural_gas_storage,FI,0.0,0.0,0.0,0.0,0.0,0.0
natural_gas_storage,FR,0.0,0.0,0.0,0.0,0.0,0.0
natural_gas_storage,HR,0.0,0.0,0.0,0.0,0.0,0.0
natural_gas_storage,HU,0.0,0.0,0.0,0.0,0.0,0.0
natural_gas_storage,IE,0.0,0.0,0.0,0.0,0.0,0.0
natural_gas_storage,IT,0.0,0.0,0.0,0.0,0.0,0.0
natural_gas_storage,LT,0.0,0.0,0.0,0.0,0.0,0.0
natural_gas_storage,LU,0.0,0.0,0.0,0.0,0.0,0.0
natural_gas_storage,LV,0.0,0.0,0.0,0.0,0.0,0.0
natural_gas_storage,NL,0.0,0.0,0.0,0.0,0.0,0.0
natural_gas_storage,NO,0.0,0.0,0.0,0.0,0.0,0.0
natural_gas_storage,PL,0.0,0.0,0.0,0.0,0.0,0.0
natural_gas_storage,PT,0.0,0.0,0.0,0.0,0.0,0.0
natural_gas_storage,RO,0.0,0.0,0.0,0.0,0.0,0.0
natural_gas_storage,SE,0.0,0.0,0.0,0.0,0.0,0.0
natural_gas_storage,SI,0.0,0.0,0.0,0.0,0.0,0.0
natural_gas_storage,SK,0.0,0.0,0.0,0.0,0.0,0.0
natural_gas_storage,UK,0.0,0.0,0.0,0.0,0.0,0.0
natural_gas_turbine,AT,25.673481611408533,19.374098620035355,18.930536761927097,25.710677735344586,29.656675939320934,68.89214109307169
natural_gas_turbine,BE,66.39068697550458,104.35435511551104,112.92306513195584,120.10058708208481,261.5601537972555,251.8100061951227
natural_gas_turbine,BG,0.41502753778789797,2.4375197359581,13.236345542137578,22.943860324367673,19.798103855333064,19.062909203175497
natural_gas_turbine,CH,1.1880393702414345,50.10577740353019,55.430936225358586,82.99685173450538,154.2675733738097,154.51783232524326
natural_gas_turbine,CZ,23.956304420983177,20.777991588327758,21.224308193531588,80.24916482347948,125.09441722833283,123.07453491100243
natural_gas_turbine,DE,386.35112968381384,947.0148073320156,1044.6245276254376,1189.8449588347542,2229.551006478691,2332.5664581513197
natural_gas_turbine,DK,45.46184493241356,103.88816146700962,151.1625674361645,135.8028946651573,131.04336913178386,153.85787596354086
natural_gas_turbine,EE,21.909731258572332,22.142213030597574,21.215256423314024,20.874578440072643,10.38280694308575,10.30119400577645
natural_gas_turbine,EL,74.82051434068835,94.94400916401507,76.59054497231703,41.02760703757156,34.136603761092196,35.81785547550851
natural_gas_turbine,ES,497.15087966084326,508.27454323142445,319.3437361739926,131.1861471634451,148.0406183373989,143.95263099743872
natural_gas_turbine,FI,8.919493646768291,10.05903880454742,9.864920361666828,17.517555325653444,174.12924026692747,191.91315848043143
natural_gas_turbine,FR,171.23522183023445,294.93214211531523,469.48895070941586,831.4876590895062,881.6452457090727,932.6224522886323
natural_gas_turbine,HR,9.617277384830938,12.66737102657513,38.48619366176106,47.771302281575295,59.949077306337045,57.5409890831771
natural_gas_turbine,HU,91.45937888074788,90.08518064902077,65.10744279904078,139.68052624986765,134.39849972294934,134.6368285192208
natural_gas_turbine,IE,67.52094602917383,73.00859311842446,52.419362721285935,41.760625888090956,29.81791498081977,23.919820702247275
natural_gas_turbine,IT,844.6814121135575,839.3424295800374,556.090183603847,381.71906159055516,567.9623812218529,558.9382228178312
natural_gas_turbine,LT,23.07496275130107,24.52318165299691,22.247596296112008,20.050973633045686,18.479343297757246,18.354873255563504
natural_gas_turbine,LU,8.864593644389222,9.631004643777299,14.1107946172672,12.822996598121671,28.912700098827962,28.417881415582485
natural_gas_turbine,LV,14.392389246914702,16.62168955283305,15.913859390402008,12.59454563147123,13.54624124765118,19.753645126218807
natural_gas_turbine,NL,322.50632136923997,240.66278563032458,268.290814951287,264.1692329101084,318.4656407002972,453.0213208570677
natural_gas_turbine,NO,18.718742367611394,57.38124710321454,75.58875490578826,85.91171070702241,89.65806558779877,102.21614535415564
natural_gas_turbine,PL,112.1345001268045,181.41826808285373,156.4317419143808,208.792548439804,710.7303765104328,713.3237182086762
natural_gas_turbine,PT,94.7075581714962,76.51012511350184,48.838017305429354,23.863222116904133,27.23590519669604,24.674872674681932
natural_gas_turbine,RO,28.538480800648408,42.50291140636235,43.420344889906644,41.184037099128524,20.842299401882503,22.387031375764607
natural_gas_turbine,SE,56.96764172504773,84.22490208300104,163.22332042428806,151.03844649236194,221.0082278436113,221.72381482782237
natural_gas_turbine,SI,1.1948600771078305e-07,2.881429194597919e-07,7.828661507905724e-06,9.909618718402003,43.781493131247906,42.04562111778972
natural_gas_turbine,SK,8.385066672231122,11.645108339496462,30.116852475723736,46.131632665257875,100.1555525295863,102.59642985895272
natural_gas_turbine,UK,665.8102606900304,649.6441794893593,761.3469454187766,801.7984451577872,785.3293965682249,739.5604420347499
natural_gas_turbine_CCS,AT,1.9847529053110125e-07,4.868556554674655e-07,4.863003919006338e-06,4.764584401612439e-06,4.522132699626429e-06,4.2904268437925e-06
natural_gas_turbine_CCS,BE,1.7876377319113123e-07,1.1084400195283877e-06,308.65244057688113,295.3020097896496,283.009283273844,263.83584495006477
natural_gas_turbine_CCS,BG,1.0885668589784006e-07,7.69194803221878e-07,2.3467674263090314e-06,2.403484252237627e-06,2.247532950724461e-06,2.9295584744523285e-06
natural_gas_turbine_CCS,CH,1.3757430078734319e-07,5.52940200060138e-07,4.307331741257989e-06,7.23231300233019e-06,6.796007803291966e-06,6.268606784281119e-06
natural_gas_turbine_CCS,CZ,1.902808727057212e-07,4.891655639974009e-07,9.87168568978725e-07,1.0391408413568437e-06,1.0236869183258995e-06,2.4687277548615382e-06
natural_gas_turbine_CCS,DE,2.058561935017515e-07,1.0891510935343571e-06,96.04642960754958,90.93238316009834,86.33888882624152,79.52168833336047
natural_gas_turbine_CCS,DK,1.7279059970549253e-07,5.998312177991352e-07,2.4154874253484465e-06,2.2982788006619404e-06,2.1554971949368016e-06,2.594597263342421e-06
natural_gas_turbine_CCS,EE,1.5900196499068646e-07,3.4046923616192333e-07,4.255258779489346e-07,5.533652097603492e-07,5.69319739891942e-07,2.020000336243863e-06
natural_gas_turbine_CCS,EL,1.0611812244064044e-07,2.908225337593877e-07,8.951124717423886e-07,3.314717261054485e-06,3.078406151260085e-06,3.5456843845875057e-06
natural_gas_turbine_CCS,ES,9.818880987366001e-08,1.7676516090136038e-07,2.4200222157538756e-07,7.195197472780984e-07,7.380554787495939e-07,2.0569030624732746e-06
natural_gas_turbine_CCS,FI,1.54690604708111e-07,3.4162391489435103e-07,4.929752354235385e-07,1.2779592742887033e-06,1.4274166412127071e-06,2.9418669454178524e-06
natural_gas_turbine_CCS,FR,1.0872620193915254e-07,3.5740052935674346e-07,5.028036164831087e-07,1.1127253410865145e-06,1.0689855389479172e-06,2.120478502949418e-06
natural_gas_turbine_CCS,HR,1.903780512572641e-07,7.61512614227367e-07,5.815447046963891e-06,5.683223617173944e-06,5.287590407062573e-06,4.963636738495509e-06
natural_gas_turbine_CCS,HU,1.1230720186098391e-07,2.7706519116390496e-07,5.464352239519512e-07,7.448499967995212e-07,7.408214556641531e-07,2.2560596103304137e-06
natural_gas_turbine_CCS,IE,1.1066088712012227e-07,4.3640417676906687e-07,8.206396400654738e-07,1.3171093101342498e-06,1.3241979396595962e-06,2.3789514558691526e-06
natural_gas_turbine_CCS,IT,1.2411545224090998e-07,3.2380735970367356e-07,2.8837437568090625e-06,2.942960858825912e-06,2.7332098697977213e-06,2.9548830542011475e-06
natural_gas_turbine_CCS,LT,1.5845503112537242e-07,3.1683983953810497e-07,3.910850029119518e-07,4.931181674912292e-07,5.246151805034615e-07,1.9634374154080514e-06
natural_gas_turbine_CCS,LU,1.1398210997978058e-07,3.6984041421086467e-07,4.913131285628137e-07,7.700745900061518e-07,7.961392139139586e-07,2.2425969065605303e-06
natural_gas_turbine_CCS,LV,1.5628254162686582e-07,3.2092557605431037e-07,3.87360955356124e-07,5.032601718976608e-07,5.424179015765816e-07,2.109785317224433e-06
natural_gas_turbine_CCS,NL,1.2739145934430534e-07,5.9393919059297e-07,4.931350725534358e-06,4.650859183117195e-06,4.385480831477079e-06,4.149239996396508e-06
natural_gas_turbine_CCS,NO,1.570237461846505e-07,4.320731827770834e-07,1.1998687769194443e-06,2.2257729691526964e-06,2.128352559827161e-06,2.7802680008072354e-06
natural_gas_turbine_CCS,PL,1.5971317199217118e-07,4.3710970540630653e-07,6.033071187567661e-07,8.083802072954465e-07,8.970785354031037e-07,2.5482563247234146e-06
natural_gas_turbine_CCS,PT,9.41838609135909e-08,1.6229461474911352e-07,2.2358992024226935e-07,4.994378340198034e-07,5.488977115265292e-07,1.8265004550634286e-06
natural_gas_turbine_CCS,RO,1.0745658003956211e-07,4.111321018747485e-07,8.790752505041798e-07,8.971153128082566e-07,8.809875143369781e-07,2.206494629956872e-06
natural_gas_turbine_CCS,SE,1.537689714977012e-07,3.905346036111976e-07,8.727022280529766e-07,2.808967868102971e-06,2.9846621052578784e-06,3.4806172142149055e-06
natural_gas_turbine_CCS,SI,1.209700817413813e-07,3.0751259093831764e-07,1.4376434645723526e-06,1.3947388967500837e-06,1.3170264421278376e-06,2.5566212115374265e-06
natural_gas_turbine_CCS,SK,1.387700346940912e-07,4.891453592624998e-07,8.663999254312101e-07,1.0294301216591188e-06,1.053554046865813e-06,2.860888403955488e-06
natural_gas_turbine_CCS,UK,1.0881721039350902e-07,5.185556401020027e-07,1.180008056005364e-06,2.0663157358938375e-06,1.982362694401166e-06,2.3471940265919908e-06
nuclear,AT,0.0,0.0,0.0,0.0,0.0,0.0
nuclear,BE,954.5513162411766,952.653933305188,7.215380292890887e-07,1.244702343966343e-06,161.92469903731637,654.4946829089137
nuclear,BG,646.2308758347472,3.2129370591520103e-07,4.5212172154990083e-07,5.938233757442472e-07,8.557245455992782e-07,4.967260871462342e-06
nuclear,CH,343.7885880841052,344.0173649856963,181.23075780345735,1.0209479034166916e-06,2.2696965250799773e-06,1.5863932864206862e-05
nuclear,CZ,318.0176659678628,317.2974619425212,302.7626769626182,289.88864552665603,261.49423985370225,250.4609584692406
nuclear,DE,1059.273186919746,1052.0314841316954,421.33281955956284,403.62763441334386,52.18701700282628,845.8140709305034
nuclear,DK,0.0,0.0,0.0,0.0,0.0,0.0
nuclear,EE,0.0,0.0,0.0,0.0,0.0,0.0
nuclear,EL,0.0,0.0,0.0,0.0,0.0,0.0
nuclear,ES,1089.2360622935935,1116.0136738059923,1049.262127092727,428.603462893214,6.988639806745851e-07,4.085989471241404e-06
nuclear,FI,499.4453948718143,504.71156330100337,143.16865768068845,4.83097916406257e-07,7.814801803395534e-07,4.712557668625086e-06
nuclear,FR,9856.576000856736,9267.63190062212,8752.653814126223,4615.795284057658,1259.6944307215479,364.3078500869347
nuclear,HR,0.0,0.0,0.0,0.0,0.0,0.0
nuclear,HU,308.8001800028548,309.4264368191459,285.26259411338174,5.420032104169536e-07,8.138514712440393e-07,4.504381866343471e-06
nuclear,IE,0.0,0.0,0.0,0.0,0.0,0.0
nuclear,IT,0.0,0.0,0.0,0.0,0.0,0.0
nuclear,LT,0.0,0.0,0.0,0.0,0.0,0.0
nuclear,LU,0.0,0.0,0.0,0.0,0.0,0.0
nuclear,LV,0.0,0.0,0.0,0.0,0.0,0.0
nuclear,NL,75.83416444026068,3.229344963125266e-07,5.479639181806675e-07,7.22438308477852e-07,1.0714362068767577e-06,8.103117566951507e-06
nuclear,NO,0.0,0.0,0.0,0.0,0.0,0.0
nuclear,PL,0.0,0.0,0.0,0.0,0.0,0.0
nuclear,PT,0.0,0.0,0.0,0.0,0.0,0.0
nuclear,RO,436.6927075898919,435.32390693344513,406.10624606118705,378.3346840355623,340.1911606605562,328.33461851350586
nuclear,SE,1061.3476354009272,846.1978859604945,482.1678196508726,164.36423534258762,7.827092835943944e-07,4.939465113664789e-06
nuclear,SI,109.38683650807296,109.69125689496518,101.98486295341571,6.670561413644259e-07,1.0707373229380359e-06,5.704810155956945e-06
nuclear,SK,419.72555557176923,144.73738845413456,137.62584585780388,129.74481513662334,119.22996891551112,115.23457460706805
nuclear,UK,1065.7904257785478,1067.5529136967732,850.6033078125241,811.0875467032309,146.09195296037743,140.1908132523038
photovoltaics,AT,451.0645395103002,427.2544344990229,383.7043495778712,350.54422158335103,406.28557734158596,407.27689898920846
photovoltaics,BE,73.14961605379469,74.32298899517356,184.19572724444902,179.09850766538958,219.59813593171452,256.98982318850443
photovoltaics,BG,70.18675335740822,78.58127012971913,70.57731755721066,69.11257603225282,78.92553004261895,82.34116456922766
photovoltaics,CH,314.5200087823351,390.3127800800698,384.497586125271,358.81702789497547,381.50928399332736,451.0344205488818
photovoltaics,CZ,104.00104872606212,96.6651756948525,86.81406615955875,74.06409790093718,54.2229857824439,51.250734984901044
photovoltaics,DE,641.5154313101712,660.4502092391322,702.220285766202,553.2248185354588,742.3232282082838,784.888348711268
photovoltaics,DK,15.819522449034556,22.036697807195463,19.79176017978733,17.87201624679865,11.414423547725473,7.012033080523832
photovoltaics,EE,1.9082024222667529,4.001465545177604,3.5939327355500956,3.2460293406567726,2.9471474891399687,2.234028116204632
photovoltaics,EL,37.97166489480065,45.0026757582588,40.39319892412341,35.98950621131747,15.183209891804783,14.832052296363543
photovoltaics,ES,384.5546456553067,406.7138099205984,363.222417025843,432.9058713021102,445.01472854904256,421.30100781509805
photovoltaics,FI,3.5637320327510946,4.177408298115561,3.731157397369672,3.3273536078918333,2.9413168299971746,1.25371220669618
photovoltaics,FR,127.34625853263414,148.58615823567217,133.22521982717362,223.49369573759574,269.9561783153658,288.5055767260809
photovoltaics,HR,29.86100612702414,27.79790528766883,24.96659749727066,22.550015560490213,25.052108744404084,28.25979052838119
photovoltaics,HU,24.783922241677374,31.999374439712312,28.7401680010804,25.958288227875418,22.93133135046571,11.757712951532495
photovoltaics,IE,0.9773575546266257,1.557304672211338,1.3986998777964317,1.2633012174871001,1.1469805015259873,0.8754842707182744
photovoltaics,IT,650.8068434433237,615.0270279027783,552.0600567459225,488.4794306524147,388.0018618328839,352.0433654137589
photovoltaics,LT,1.198576404594874,1.8278935313093247,1.6417276471829125,1.4828066094336596,1.3462828053150253,0.6567002872609938
photovoltaics,LU,3.1661575556373716e-07,6.360252518837836e-07,7.135592352358781e-07,1.3629086556942772e-06,1.920747601988087e-06,1.621899693355802e-05
photovoltaics,LV,1.9241297104578167e-07,2.2671261068818646e-07,6.576714548663601e-07,7.059450633843405e-07,8.37760299702369e-07,5.7402689100715844e-06
photovoltaics,NL,121.3328407533509,153.67746184900028,137.9942548244844,124.46745915695048,105.46081244646393,54.97007712097661
photovoltaics,NO,1.8322033665330617,2.4058129343303403,2.160796669008194,1.9516176994214838,1.77190273180477,0.8979472352721967
photovoltaics,PL,45.73996721884562,84.16115551590917,75.58942565254593,68.27247504509212,61.89138362556851,48.92048209401078
photovoltaics,PT,130.72157515833266,129.08851234712876,115.9313136925622,125.83174521700467,139.78826077606595,131.14079041678525
photovoltaics,RO,16.25475300818187,15.432784589357102,13.860907576628817,12.519270756763985,1.6027972474928884,3.6221911005903706
photovoltaics,SE,13.706806250101959,18.17906129793668,16.31488003432822,14.691097348296296,12.774946049513911,6.783850259671187
photovoltaics,SI,4.234212234481248,4.2926141561655085,3.851027639203081,3.386922491600384,1.2034250080392157,0.6947590637728908
photovoltaics,SK,24.152656776178038,58.00919034289153,52.10044661167374,75.34372666961242,77.12913979510553,100.6029394438164
photovoltaics,UK,159.325406972265,154.03679967019468,138.2783574189445,124.73011414420839,69.92708872678324,6.259233296331534
power_line,AT-CH,0.0,0.0,0.0,0.0,0.0,0.0
power_line,AT-CZ,0.0,0.0,0.0,0.0,0.0,0.0
power_line,AT-DE,0.0,0.0,0.0,0.0,0.0,0.0
power_line,AT-HU,0.0,0.0,0.0,0.0,0.0,0.0
power_line,AT-IT,0.0,0.0,0.0,0.0,0.0,0.0
power_line,AT-SI,0.0,0.0,0.0,0.0,0.0,0.0
power_line,AT-SK,0.0,0.0,0.0,0.0,0.0,0.0
power_line,BE-DE,0.0,0.0,0.0,0.0,0.0,0.0
power_line,BE-FR,0.0,0.0,0.0,0.0,0.0,0.0
power_line,BE-LU,0.0,0.0,0.0,0.0,0.0,0.0
power_line,BE-NL,0.0,0.0,0.0,0.0,0.0,0.0
power_line,BE-NO,0.0,0.0,0.0,0.0,0.0,0.0
power_line,BE-UK,0.0,0.0,0.0,0.0,0.0,0.0
power_line,BG-EL,0.0,0.0,0.0,0.0,0.0,0.0
power_line,BG-RO,0.0,0.0,0.0,0.0,0.0,0.0
power_line,CH-AT,0.0,0.0,0.0,0.0,0.0,0.0
power_line,CH-DE,0.0,0.0,0.0,0.0,0.0,0.0
power_line,CH-FR,0.0,0.0,0.0,0.0,0.0,0.0
power_line,CH-IT,0.0,0.0,0.0,0.0,0.0,0.0
power_line,CZ-AT,0.0,0.0,0.0,0.0,0.0,0.0
power_line,CZ-DE,0.0,0.0,0.0,0.0,0.0,0.0
power_line,CZ-PL,0.0,0.0,0.0,0.0,0.0,0.0
power_line,CZ-SK,0.0,0.0,0.0,0.0,0.0,0.0
power_line,DE-AT,0.0,0.0,0.0,0.0,0.0,0.0
power_line,DE-BE,0.0,0.0,0.0,0.0,0.0,0.0
power_line,DE-CH,0.0,0.0,0.0,0.0,0.0,0.0
power_line,DE-CZ,0.0,0.0,0.0,0.0,0.0,0.0
power_line,DE-DK,0.0,0.0,0.0,0.0,0.0,0.0
power_line,DE-FR,0.0,0.0,0.0,0.0,0.0,0.0
power_line,DE-LU,0.0,0.0,0.0,0.0,0.0,0.0
power_line,DE-NL,0.0,0.0,0.0,0.0,0.0,0.0
power_line,DE-NO,0.0,0.0,0.0,0.0,0.0,0.0
power_line,DE-PL,0.0,0.0,0.0,0.0,0.0,0.0
power_line,DE-SE,0.0,0.0,0.0,0.0,0.0,0.0
power_line,DE-UK,0.0,0.0,0.0,0.0,0.0,0.0
power_line,DK-DE,0.0,0.0,0.0,0.0,0.0,0.0
power_line,DK-NL,0.0,0.0,0.0,0.0,0.0,0.0
power_line,DK-NO,0.0,0.0,0.0,0.0,0.0,0.0
power_line,DK-SE,0.0,0.0,0.0,0.0,0.0,0.0
power_line,DK-UK,0.0,0.0,0.0,0.0,0.0,0.0
power_line,EE-FI,0.0,0.0,0.0,0.0,0.0,0.0
power_line,EE-LV,0.0,0.0,0.0,0.0,0.0,0.0
power_line,EL-BG,0.0,0.0,0.0,0.0,0.0,0.0
power_line,EL-IT,0.0,0.0,0.0,0.0,0.0,0.0
power_line,ES-FR,0.0,0.0,0.0,0.0,0.0,0.0
power_line,ES-PT,0.0,0.0,0.0,0.0,0.0,0.0
power_line,FI-EE,0.0,0.0,0.0,0.0,0.0,0.0
power_line,FI-NO,0.0,0.0,0.0,0.0,0.0,0.0
power_line,FI-SE,0.0,0.0,0.0,0.0,0.0,0.0
power_line,FR-BE,0.0,0.0,0.0,0.0,0.0,0.0
power_line,FR-CH,0.0,0.0,0.0,0.0,0.0,0.0
power_line,FR-DE,0.0,0.0,0.0,0.0,0.0,0.0
power_line,FR-ES,0.0,0.0,0.0,0.0,0.0,0.0
power_line,FR-IT,0.0,0.0,0.0,0.0,0.0,0.0
power_line,FR-LU,0.0,0.0,0.0,0.0,0.0,0.0
power_line,FR-NO,0.0,0.0,0.0,0.0,0.0,0.0
power_line,FR-UK,0.0,0.0,0.0,0.0,0.0,0.0
power_line,HR-HU,0.0,0.0,0.0,0.0,0.0,0.0
power_line,HR-SI,0.0,0.0,0.0,0.0,0.0,0.0
power_line,HU-AT,0.0,0.0,0.0,0.0,0.0,0.0
power_line,HU-HR,0.0,0.0,0.0,0.0,0.0,0.0
power_line,HU-RO,0.0,0.0,0.0,0.0,0.0,0.0
power_line,HU-SI,0.0,0.0,0.0,0.0,0.0,0.0
power_line,HU-SK,0.0,0.0,0.0,0.0,0.0,0.0
power_line,IE-UK,0.0,0.0,0.0,0.0,0.0,0.0
power_line,IT-AT,0.0,0.0,0.0,0.0,0.0,0.0
power_line,IT-CH,0.0,0.0,0.0,0.0,0.0,0.0
power_line,IT-EL,0.0,0.0,0.0,0.0,0.0,0.0
power_line,IT-FR,0.0,0.0,0.0,0.0,0.0,0.0
power_line,IT-SI,0.0,0.0,0.0,0.0,0.0,0.0
power_line,LT-LV,0.0,0.0,0.0,0.0,0.0,0.0
power_line,LT-PL,0.0,0.0,0.0,0.0,0.0,0.0
power_line,LT-SE,0.0,0.0,0.0,0.0,0.0,0.0
power_line,LU-BE,0.0,0.0,0.0,0.0,0.0,0.0
power_line,LU-DE,0.0,0.0,0.0,0.0,0.0,0.0
power_line,LU-FR,0.0,0.0,0.0,0.0,0.0,0.0
power_line,LV-EE,0.0,0.0,0.0,0.0,0.0,0.0
power_line,LV-LT,0.0,0.0,0.0,0.0,0.0,0.0
power_line,NL-BE,0.0,0.0,0.0,0.0,0.0,0.0
power_line,NL-DE,0.0,0.0,0.0,0.0,0.0,0.0
power_line,NL-DK,0.0,0.0,0.0,0.0,0.0,0.0
power_line,NL-NO,0.0,0.0,0.0,0.0,0.0,0.0
power_line,NL-UK,0.0,0.0,0.0,0.0,0.0,0.0
power_line,NO-BE,0.0,0.0,0.0,0.0,0.0,0.0
power_line,NO-DE,0.0,0.0,0.0,0.0,0.0,0.0
power_line,NO-DK,0.0,0.0,0.0,0.0,0.0,0.0
power_line,NO-FI,0.0,0.0,0.0,0.0,0.0,0.0
power_line,NO-FR,0.0,0.0,0.0,0.0,0.0,0.0
power_line,NO-NL,0.0,0.0,0.0,0.0,0.0,0.0
power_line,NO-SE,0.0,0.0,0.0,0.0,0.0,0.0
power_line,NO-UK,0.0,0.0,0.0,0.0,0.0,0.0
power_line,PL-CZ,0.0,0.0,0.0,0.0,0.0,0.0
power_line,PL-DE,0.0,0.0,0.0,0.0,0.0,0.0
power_line,PL-LT,0.0,0.0,0.0,0.0,0.0,0.0
power_line,PL-SE,0.0,0.0,0.0,0.0,0.0,0.0
power_line,PL-SK,0.0,0.0,0.0,0.0,0.0,0.0
power_line,PT-ES,0.0,0.0,0.0,0.0,0.0,0.0
power_line,RO-BG,0.0,0.0,0.0,0.0,0.0,0.0
power_line,RO-HU,0.0,0.0,0.0,0.0,0.0,0.0
power_line,SE-DE,0.0,0.0,0.0,0.0,0.0,0.0
power_line,SE-DK,0.0,0.0,0.0,0.0,0.0,0.0
power_line,SE-FI,0.0,0.0,0.0,0.0,0.0,0.0
power_line,SE-LT,0.0,0.0,0.0,0.0,0.0,0.0
power_line,SE-NO,0.0,0.0,0.0,0.0,0.0,0.0
power_line,SE-PL,0.0,0.0,0.0,0.0,0.0,0.0
power_line,SI-AT,0.0,0.0,0.0,0.0,0.0,0.0
power_line,SI-HR,0.0,0.0,0.0,0.0,0.0,0.0
power_line,SI-HU,0.0,0.0,0.0,0.0,0.0,0.0
power_line,SI-IT,0.0,0.0,0.0,0.0,0.0,0.0
power_line,SK-AT,0.0,0.0,0.0,0.0,0.0,0.0
power_line,SK-CZ,0.0,0.0,0.0,0.0,0.0,0.0
power_line,SK-HU,0.0,0.0,0.0,0.0,0.0,0.0
power_line,SK-PL,0.0,0.0,0.0,0.0,0.0,0.0
power_line,UK-BE,0.0,0.0,0.0,0.0,0.0,0.0
power_line,UK-DE,0.0,0.0,0.0,0.0,0.0,0.0
power_line,UK-DK,0.0,0.0,0.0,0.0,0.0,0.0
power_line,UK-FR,0.0,0.0,0.0,0.0,0.0,0.0
power_line,UK-IE,0.0,0.0,0.0,0.0,0.0,0.0
power_line,UK-NL,0.0,0.0,0.0,0.0,0.0,0.0
power_line,UK-NO,0.0,0.0,0.0,0.0,0.0,0.0
pumped_hydro,AT,44.33871044620772,40.832894229063655,27.93270464606223,27.294006735906148,46.51819468897673,46.97877092345908
pumped_hydro,BE,6.328681250868865,6.328681252476257,1.0927222448538407,6.163619908431069e-06,2.2401147804431134,2.262294150059525
pumped_hydro,BG,10.61609719547208,10.61609719547208,10.61609719547208,10.72225816742792,10.72225816742792,10.82841913938376
pumped_hydro,CH,35.519916087629824,34.97368771605639,30.452130634970107,35.246472556046264,35.2464745214839,35.235395525798296
pumped_hydro,CZ,8.89740912305083,8.89740912305083,5.423237041901556,5.477469446613394,5.47746948524425,5.531701867372399
pumped_hydro,DE,37.916565648145344,32.263141810817075,11.104939779087914,21.25009394369392,20.09559071596895,20.294556970316197
pumped_hydro,DK,0.0,0.0,0.0,0.0,0.0,0.0
pumped_hydro,EE,0.0,0.0,0.0,0.0,0.0,0.0
pumped_hydro,EL,5.30425442432808,5.30425442432808,5.30425442432808,5.35729696857192,3.6827612162160865,3.7192242107670603
pumped_hydro,ES,51.836546377414976,42.20274150086803,32.397093758904894,24.61329882196801,0.7508195662710172,4.0148026946251534e-05
pumped_hydro,FI,0.0,0.0,0.0,0.0,0.0,0.0
pumped_hydro,FR,40.248591511682115,40.248591511682115,29.900942968837658,22.844558947177948,27.312057048493525,32.627591641228484
pumped_hydro,HR,3.9360754934177042,3.9360754934177042,4.385417164321539e-06,3.357075132821601,3.6913880356102764,3.7279365250193304
pumped_hydro,HU,0.0,0.0,0.0,0.0,0.0,0.0
pumped_hydro,IE,2.2157972702486397,1.032467166038405e-06,1.1375927083278142e-06,1.993330467207866e-06,4.8114847810811925e-06,2.2360431940947527e-05
pumped_hydro,IT,60.422970356508294,47.41199483129511,47.411994851179806,55.12623701668693,56.758615946275384,57.28024109339783
pumped_hydro,LT,6.829512134328,6.829512134328,6.829512134328,6.897807255672,6.897807255672,0.00017026363663109892
pumped_hydro,LU,2.967043612060067,2.967043624220765,1.4797277176087735,1.4945252975648173,1.8445171231220372,1.8627798184521276
pumped_hydro,LV,0.0,0.0,0.0,0.0,0.0,0.0
pumped_hydro,NL,0.0,0.0,0.0,0.0,0.0,0.0
pumped_hydro,NO,10.566681881442571,10.21626720290962,6.208405958021015,6.101876959498149,0.9024636711782648,0.5274921604371055
pumped_hydro,PL,10.798217519884581,9.530963605715705,5.433256337085642,2.499494956274642,6.044458335860436,6.10430454208181
pumped_hydro,PT,25.618116368428268,23.05809495936562,23.058094960195557,17.213369263140596,17.213369270348945,17.383798711398846
pumped_hydro,RO,0.0,0.0,0.0,0.0,0.0,0.0
pumped_hydro,SE,0.6981279070646399,0.6981279070646399,1.3560472936836436e-06,3.6752995294144906e-06,0.5617576150054414,0.5700514670632822
pumped_hydro,SI,1.4038441609452,1.4038441609452,1.4038441609452,1.4178826025548001,1.4178826025548001,1.4319210441644
pumped_hydro,SK,7.566832105669721,7.1093452794560505,5.599638752935761,0.0,0.0,0.0
pumped_hydro,UK,21.166768495740236,18.424959109146897,18.424959110584734,2.1183870994088397e-06,9.396400713117828e-06,3.3036491169167926e-05
reservoir_hydro,AT,222.40043911131824,222.39573310712618,220.49380900464155,215.9706225712682,213.54125655589263,212.98924632911832
reservoir_hydro,BE,0.5720528750874654,0.5720408851647929,0.5670515385268241,0.5543286002588438,0.5525760711159627,0.5523962194957622
reservoir_hydro,BG,42.27852596162013,42.092747666742504,8.62889261141805,3.666388584393715e-07,4.755373704040714e-07,2.4813440307939982e-06
reservoir_hydro,CH,275.113179818042,253.01476073635197,222.1043924835191,191.69920072442594,167.27760857486663,165.29145517465471
reservoir_hydro,CZ,29.253689130713255,3.375220405161595e-07,5.328753760317364e-07,6.373431127231351e-07,7.200972243807733e-07,3.516842771062353e-06
reservoir_hydro,DE,8.943423988731217,8.94323877247373,8.863294113399073,8.651984543289284,8.536371360324948,8.426659833694682
reservoir_hydro,DK,0.0,0.0,0.0,0.0,0.0,0.0
reservoir_hydro,EE,0.0,0.0,0.0,0.0,0.0,0.0
reservoir_hydro,EL,98.32710428486223,64.47156583521527,47.45401575776482,46.84801448481559,31.97683985554426,20.63565169581787
reservoir_hydro,ES,443.943744581304,361.35549729083976,250.40266380773522,183.331665660962,175.6453734636723,86.78867984804945
reservoir_hydro,FI,61.98985432796011,61.988562992463386,60.527795029849486,58.71361058953904,57.934814393088345,57.49528571053787
reservoir_hydro,FR,394.13200964985054,394.12367791281247,355.8840505188709,390.33082392758644,376.98956366025413,374.14077346961994
reservoir_hydro,HR,57.700632988178896,57.8966444027434,57.299911820257606,57.004038102147625,56.13096826809765,55.541573578204265
reservoir_hydro,HU,1.2704944740296302,1.2719437270749054,1.2538004507335718,1.2000616534626356,1.1824356190271117,1.1674190234470678
reservoir_hydro,IE,0.04161750354552955,0.041367037810099,0.040943238051012035,0.040643067411320344,0.03971118860425897,0.03961789265793989
reservoir_hydro,IT,234.5408309897948,5.212785716886967e-06,5.165408055575844e-06,5.141690909777329e-06,5.140642806644307e-06,9.211861355280281e-06
reservoir_hydro,LT,4.407840977521216,4.419949693118102,4.368182731696509,4.325273727395926,4.173773280034058,4.172416217850281
reservoir_hydro,LU,0.0,0.0,0.0,0.0,0.0,0.0
reservoir_hydro,LV,35.19884614233635,1.6500205767109127e-07,2.231845328229724e-07,2.705375243272988e-07,3.312607616177823e-07,1.5079232804134499e-06
reservoir_hydro,NL,0.0,0.0,0.0,0.0,0.0,0.0
reservoir_hydro,NO,984.9317912855455,815.0119667022714,696.969376929015,622.5153049417273,406.94726646403154,319.5092799145895
reservoir_hydro,PL,15.699158023765309,5.966798244734041e-10,1.8753870021006412e-09,3.5444308000934414e-09,6.622792040733735e-09,3.0376608467401e-08
reservoir_hydro,PT,48.41239392571073,55.07604617750578,59.35737938133259,57.46651416347449,55.97142516671999,55.024353317062406
reservoir_hydro,RO,157.23879601095155,131.50516340358197,111.04999086584621,84.325585647376,54.518517973123835,3.6555226907262345e-06
reservoir_hydro,SE,513.4991386771035,513.3092251960411,511.85547966922985,509.90553400559253,502.10107821514964,496.38978608541873
reservoir_hydro,SI,26.1997100954945,26.247158637388353,25.85486946045834,25.38036084861766,25.200358089052358,24.91825108395129
reservoir_hydro,SK,33.680759557552015,33.68004087243756,33.37610737617441,33.18687488556479,32.72956274952485,32.47746144716508
reservoir_hydro,UK,19.66363548071424,5.939290153857719e-10,1.8626342720542803e-09,3.523482853419434e-09,6.592921040921896e-09,3.032409867736379e-08
run-of-river_hydro,AT,268.48325052001337,267.7543667841731,263.1065666168329,259.90409153977316,256.3096873406254,255.01557262828445
run-of-river_hydro,BE,2.779075492414025,2.7730463892044166,2.69809872067877,2.6182216758289347,2.6157222682607113,2.6068349863837943
run-of-river_hydro,BG,1.196038483237166e-07,1.915878023071676e-07,2.437356450230026e-07,2.9209765051691533e-07,3.7789208432629186e-07,2.2135562227626398e-06
run-of-river_hydro,CH,130.71483939434495,126.31501027235193,111.85058350054798,103.70045959049101,80.86407357941087,53.357507761303914
run-of-river_hydro,CZ,1.8554430775483205e-07,1.9432986920670047e-07,2.728541994872204e-07,3.5214104458207697e-07,4.3505164346073044e-07,2.5462359121684136e-06
run-of-river_hydro,DE,131.6673616925032,130.81759025728513,127.07977915752271,124.74916616952336,122.4118882593608,121.9986445588523
run-of-river_hydro,DK,0.0,0.0,0.0,0.0,0.0,0.0
run-of-river_hydro,EE,0.0,0.0,0.0,0.0,0.0,0.0
run-of-river_hydro,EL,1.0625597719664406e-07,1.3368494889404155e-07,1.6445734762388356e-07,1.9462527231753234e-07,2.574924711468364e-07,1.5142811814455466e-06
run-of-river_hydro,ES,18.729177659489125,18.061430357067625,16.050730404204536,12.472119961835297,11.367148204534066,9.841478572545007
run-of-river_hydro,FI,62.12658788212387,61.64454469921138,58.66248617352249,57.31392085584854,54.99030198044844,52.89992724309347
run-of-river_hydro,FR,71.78105486616685,61.58021309318672,47.02668672896296,45.46791403829615,43.60292350489048,43.00555861865362
run-of-river_hydro,HR,12.52149692236921,12.542303659478355,12.197787190850022,11.840553818062858,11.792349941193322,11.462458613824943
run-of-river_hydro,HU,0.9216613732375962,0.9205286049046878,0.8936035076611518,0.8478579899831021,0.8329287407639752,0.8148761855396229
run-of-river_hydro,IE,2.0214162677557288e-07,5.944071746156831e-07,8.836211196096704e-07,1.015937848683767e-06,1.2351759362600404e-06,7.953013060473227e-06
run-of-river_hydro,IT,2.7648412216048405e-06,2.7696968431774255e-06,2.7201352910664576e-06,2.69795853503739e-06,2.695928436759234e-06,6.1866131256759165e-06
run-of-river_hydro,LT,3.8419800420579725e-10,1.1675137777748843e-09,2.085188152617563e-09,3.4322524091513398e-09,6.005304325365165e-09,2.5869469303067557e-08
run-of-river_hydro,LU,0.0,0.0,0.0,0.0,0.0,0.0
run-of-river_hydro,LV,1.0717167000057776e-07,1.3793425511672913e-07,1.7880700703758184e-07,2.1864594728332265e-07,2.7126458120757464e-07,1.2409184566216107e-06
run-of-river_hydro,NL,0.0,0.0,0.0,0.0,0.0,0.0
run-of-river_hydro,NO,0.0,0.0,0.0,0.0,0.0,0.0
run-of-river_hydro,PL,3.8360569027554825e-10,1.1652600840564684e-09,2.081513303864037e-09,3.42694164008308e-09,5.998020380853189e-09,2.6121207531514014e-08
run-of-river_hydro,PT,48.58736300747062,38.258723397995226,29.598495307910422,86.9516886969785,82.97039165869614,74.72348342547869
run-of-river_hydro,RO,2.191286095127828e-07,2.6827784312592243e-07,3.2477859661721837e-07,3.875458308130517e-07,4.953842515030774e-07,2.281734053553206e-06
run-of-river_hydro,SE,90.78869945553335,90.54391148707504,87.68885490182231,86.18960137532261,83.1836477069091,81.7246692786436
run-of-river_hydro,SI,39.55478928904456,39.6810652456703,38.45306617901305,37.552249068231575,37.04156474872665,36.4653551921078
run-of-river_hydro,SK,2.60208375895093,2.321869029120232,2.265005769641888,0.17508031574085564,6.304823344620346e-07,3.4415288209143483e-06
run-of-river_hydro,UK,3.694325933866493,3.684602713380902,3.6663351556857955,3.656858041913383,3.6450137610001696,3.6318033319852003
waste_plant,AT,1.8615990968936815e-07,1.8765407474391349e-07,2.1002080156042682e-07,2.480561059058694e-07,3.061811389035655e-07,1.5017441260589056e-06
waste_plant,BE,8.4123957244901,0.30361084379715486,0.29238670144087786,0.2824621046384613,0.27221049394734664,1.507354961383294e-06
waste_plant,BG,1.4553904746563572e-07,1.7143625173828626e-07,1.9550270822662197e-07,2.307085355935783e-07,2.813230643302002e-07,1.3625912184778907e-06
waste_plant,CH,4.7407668076460965,3.900377085144213,2.3390933088739088,2.3686904844199692e-07,3.0140994321420664e-07,1.4850754086471973e-06
waste_plant,CZ,2.540458913740714,1.7068339310439045e-07,2.0579476042380052e-07,2.4463477697943976e-07,3.0019950896792934e-07,1.4617388383205187e-06
waste_plant,DE,93.85471302116443,58.07710033430295,55.930058819456576,10.40590254874398,2.9897254238998354e-07,1.5372438749761028e-06
waste_plant,DK,19.385606962433933,12.047276078406055,9.461632244836135,7.118044095538611,6.859703461009673,1.477448819710872e-06
waste_plant,EE,2.307055324169502,2.0645534030376544,1.9882293041603873,1.9207420843376537,2.816079349904407e-07,1.4392430127179577e-06
waste_plant,EL,1.4156147574823945e-07,1.5754703126743295e-07,1.8442705508481198e-07,2.2952765255568127e-07,2.799788404178088e-07,1.357899830755572e-06
waste_plant,ES,15.88382110600471,13.450513638873844,6.388011224404423,2.716529632567807,2.6164358932613645,2.517120464253625
waste_plant,FI,42.87239807133553,34.8545184122817,30.057348334350298,20.676223257709363,2.8550262927898646e-07,1.4825930122928043e-06
waste_plant,FR,72.06441413483402,44.65264574871711,21.905608351515507,9.416155462641273,5.934187918736952,1.4719916799033992e-06
waste_plant,HR,1.815348496325635e-07,1.8657948984926895e-07,2.0948568993664116e-07,2.453013569503212e-07,2.991493757252323e-07,1.4693999519056159e-06
waste_plant,HU,1.4598760878340418e-07,1.6559601436182491e-07,1.9925401126358205e-07,2.3717354914514532e-07,2.9146564914268375e-07,1.44636429550328e-06
waste_plant,IE,8.442370968912641,7.454294869889837,7.192711787672458,6.948566853369695,6.696377186513214,1.4241713420117313e-06
waste_plant,IT,29.780617042751413,24.2220686638776,14.23436864555506,11.258201917859173,2.8323047892529224e-07,1.468383147778776e-06
waste_plant,LT,5.971201939772029,7.650991885488253,7.368143783158692,7.118044093356034,4.682019831997489,4.504205057610492
waste_plant,LU,1.4531278119043093e-07,1.750246441562507e-07,2.036842267900844e-07,2.403159614576693e-07,2.9844183376910025e-07,1.464270847915981e-06
waste_plant,LV,1.6290687808858964e-07,1.8145484629680527e-07,2.0654597490672888e-07,2.409132248738874e-07,2.944592989551221e-07,1.4572145261971905e-06
waste_plant,NL,38.05119758432742,23.56019713543389,22.689204593484902,1.920742087691567,2.901486125801502e-07,1.493127698308525e-06
waste_plant,NO,9.559205025980212,8.66505190730586,7.537728042667456,6.123777622431369,2.7811710606108864e-07,1.438419997842357e-06
waste_plant,PL,7.161086132162474,6.254382275565882,6.023165169043929,5.5814504582959055,5.378878595090252,1.473780457208931e-06
waste_plant,PT,1.3912720584701214e-07,1.5116690283743912e-07,1.7632771157190227e-07,2.2652313981898265e-07,2.8261665000062844e-07,1.2988969852064752e-06
waste_plant,RO,1.4724630384398938e-07,1.6929058566238102e-07,2.0075621271350358e-07,2.3209827565025429e-07,2.88192503565702e-07,1.4114978737482509e-06
waste_plant,SE,28.054625511058493,25.430439578296824,24.490306394390295,23.659022672695052,2.17768366398646,1.4713007962715544e-06
waste_plant,SI,1.580473292040044e-07,1.7144461847212915e-07,2.065127230573021e-07,2.4035067168082275e-07,2.963454173210367e-07,1.4557542028990132e-06
waste_plant,SK,1.6121092786002016e-07,1.8073958185197573e-07,2.0807257885105047e-07,2.4310875402227717e-07,2.961570579948857e-07,1.4618610665600175e-06
waste_plant,UK,173.87575305636608,143.7232745072966,128.7495404208524,116.95624303865085,68.35204487248711,6.651558560002973
wind_offshore,AT,0.0,0.0,0.0,0.0,0.0,0.0
wind_offshore,BE,122.46408748756758,115.23557110542613,104.56914908149626,68.14302466423713,29.39420171756833,28.671534362527876
wind_offshore,BG,4.500369157329386e-10,1.3386565049545696e-09,2.298951302819496e-09,3.722614598773792e-09,6.501804149413215e-09,2.9286654181325308e-08
wind_offshore,CH,0.0,0.0,0.0,0.0,0.0,0.0
wind_offshore,CZ,0.0,0.0,0.0,0.0,0.0,0.0
wind_offshore,DE,420.0281624744169,394.91627817743665,363.68229768490903,294.7222264266234,524.8858999186452,644.3723678888016
wind_offshore,DK,92.56462555356214,96.98295504169953,78.34589118405238,46.08121207478282,25.320560701627553,24.717756810017246
wind_offshore,EE,4.28009309268602e-10,1.2847574542750566e-09,2.217204980370852e-09,3.6060993816145005e-09,6.336944017379153e-09,2.90484964173358e-08
wind_offshore,EL,4.69524048854087e-10,1.3777438513174795e-09,2.3520850420506396e-09,3.785514228126669e-09,6.543669939558187e-09,2.4997449077207605e-08
wind_offshore,ES,0.2494516137675874,0.23538156119439216,0.21725283171425527,0.20455043606724313,5.335408846105167e-09,2.8651854598432242e-08
wind_offshore,FI,2.4241988547924085,2.283010484765296,2.108602536430818,1.8725965460292644,6.19797279121015e-07,3.7829903235220084e-06
wind_offshore,FR,0.1128851626296175,0.10609414968460663,0.09800914031672173,0.09112960838286377,2.5144755245243146e-06,1.8289190317471368e-05
wind_offshore,HR,3.50125067789301e-10,1.0985356348830876e-09,1.940354913694758e-09,3.2391585976813124e-09,5.847116323378677e-09,2.7826748160246538e-08
wind_offshore,HU,0.0,0.0,0.0,0.0,0.0,0.0
wind_offshore,IE,1.3458019990787624,0.0,0.0,0.0,0.0,0.0
wind_offshore,IT,3.506474487155696e-10,1.101233652392587e-09,1.9454922108506942e-09,3.2463756652592638e-09,5.856098110693965e-09,2.7841718795748836e-08
wind_offshore,LT,3.7696360081569135e-10,1.1840120615286139e-09,2.0748716166893557e-09,3.4132621777179494e-09,6.0517101298443916e-09,2.8378155772841696e-08
wind_offshore,LU,0.0,0.0,0.0,0.0,0.0,0.0
wind_offshore,LV,3.1491750741196714e-10,9.681136641870452e-10,1.696055351393349e-09,2.8377264668922705e-09,5.2666953779823685e-09,2.7104264890047405e-08
wind_offshore,NL,99.74301527283819,151.144387988271,128.8409495512668,121.091402413613,77.5616725308595,75.5754788815307
wind_offshore,NO,0.1297237719595306,0.31386657801969126,0.1780986205649541,0.16693932703256584,0.15554852840009895,0.15129406749963079
wind_offshore,PL,3.2319219676332377e-10,9.909479149496575e-10,1.7363913434415125e-09,2.9076456999790015e-09,5.384346191181061e-09,2.7240332377244438e-08
wind_offshore,PT,1.257236131995648,1.1863230651143424,1.0949542657224192,1.0309341864213504,0.9790964369270785,0.955969943733504
wind_offshore,RO,3.3678933655650883e-10,1.0353105720416605e-09,1.8160426698124622e-09,3.043324064955638e-09,5.592563262726966e-09,2.7489596089618392e-08
wind_offshore,SE,10.802149143649679,10.12257520144977,3.9858289387121277,0.13833590939761053,7.611247988353178e-05,151.84454763856965
wind_offshore,SI,0.0,0.0,0.0,0.0,0.0,0.0
wind_offshore,SK,0.0,0.0,0.0,0.0,0.0,0.0
wind_offshore,UK,569.0729248110061,532.719928914211,462.3630270080635,283.59948891790236,23.835959927463698,23.212772359048888
wind_onshore,AT,245.42631890606648,242.4596736700848,234.54191271507884,225.91896016709126,217.51590895954735,211.92636018540696
wind_onshore,BE,176.67674450638103,177.22266765549554,171.44420051345736,165.34887293097714,159.51927654633303,155.35888046979366
wind_onshore,BG,19.165441662956894,265.23819117637225,280.32766999993623,296.2478152765406,308.8776609128268,302.28483919757923
wind_onshore,CH,10.95054946149392,10.806231016066091,10.238448344034007,102.46330179440996,381.535624332282,496.9851405500058
wind_onshore,CZ,446.8085689458278,441.189742338128,423.3214431248192,610.5432038325686,884.8470968340916,971.242351384984
wind_onshore,DE,1126.6316738210953,890.9837379327676,835.7737191192733,1574.9264779341913,2066.7610237482727,2011.3691131816872
wind_onshore,DK,373.3497664308233,369.21370190588596,356.99514382071044,416.6226553939342,424.2988649817804,416.72732892073054
wind_onshore,EE,16.68549458095665,16.43534487624742,12.905311482728905,34.057095701365476,130.35658026930048,145.16840625995115
wind_onshore,EL,446.66795339358725,437.89381537261784,470.2294875365158,528.1296742094701,550.9817850610942,551.4549345823668
wind_onshore,ES,1328.1654619316698,1166.685037573206,1440.5455925872013,1747.5925758329968,1922.2712161920176,1971.2905427138026
wind_onshore,FI,410.8505229508166,420.06333582271657,636.5160186360073,637.6508616937302,616.6661933658557,600.9177597277529
wind_onshore,FR,786.5646862612141,974.4491709247482,1348.1309179743823,2622.15551569892,3996.8961119154665,4244.79131756674
wind_onshore,HR,12.671268941317873,20.893407132023658,19.667293057587667,23.79986340041492,77.25086733577406,95.14020147325886
wind_onshore,HU,561.6095720441748,554.8210960527788,636.0420001120322,816.4674170554847,853.1541692123158,830.7126470279139
wind_onshore,IE,298.66594177160067,306.8930563067613,342.0804827301476,335.9930527539639,364.13520489518123,378.7008234041113
wind_onshore,IT,1801.8886591632242,1762.395004428286,2819.0109978205683,3347.475753673007,3318.359192933056,3307.1070596891996
wind_onshore,LT,195.69992963965183,194.86033682504655,225.5820650834403,252.733608359951,367.57940521785895,370.5233857929906
wind_onshore,LU,2.876637206038152,2.929237758715416,2.5380825675786176,1.9025605671683437,2.183605915815513,11.333964547101395
wind_onshore,LV,1.041172422056272,0.495740487256909,0.43731574754126445,1.4423109313615743e-06,1.4351083570074984e-05,7.420252919354974e-05
wind_onshore,NL,677.0350206505808,673.8849420471057,792.4644496765138,795.3273063091209,877.7754372170526,929.5860629150599
wind_onshore,NO,683.9081231428974,686.0754938453223,735.7250022099278,819.6227480417764,1122.7279503092275,1163.661692560497
wind_onshore,PL,1571.9482524468294,1567.861532837385,1654.075537374285,1730.2492510314678,1989.5495044013169,1937.8380718483695
wind_onshore,PT,273.59554427822195,262.7490829017513,196.67766000210537,158.76043615389548,155.44193802564828,167.06074675437475
wind_onshore,RO,172.2240833422982,170.1517736216037,269.6883438911746,319.97231986537963,394.3303633515165,455.693889059386
wind_onshore,SE,203.45299604894984,226.91589842511294,201.85067049244233,125.53593599921491,65.68334905499107,63.99581756644839
wind_onshore,SI,0.06725474273749882,0.06645729857538439,0.06431529387118061,0.06208260847256185,3.7189950083078143e-07,1.9662776033742165e-06
wind_onshore,SK,0.1097151677921496,0.04251107564087432,3.339666456794085e-07,4.3728233253871846e-07,6.731486656645738e-07,4.721977677275098e-06
wind_onshore,UK,1794.4076376598155,1962.15303641428,2334.1164863471768,2611.1982033305903,3135.883212641177,3219.5340773901016
