technology,capacity_type,location,0,1,2,3,4,5,6,7,8,9,10,11,12,13,14,15,16,17,18,19,20,21,22,23,24,25,26,27,28,29
heat_pump,power,AT,2.6022,2.7354,2.7354,2.7354,2.3865,2.2465,1.8942,1.7893,1.6543,1.6543,1.492,1.7949,1.9715,1.9602,3.2333,3.76,4.3291,4.2187,5.4199,5.5336,5.6726,6.2062,18.6896,18.6896,18.6896,18.6896,20.1184,21.4027,21.4363,21.0478
heat_pump,power,BE,2.4029,2.5452,2.5452,2.5452,2.4656,2.3013,2.0416,2.0287,1.8575,3.365,3.7285,6.9309,8.2437,8.7629,11.611,11.4465,12.894,12.9905,14.4653,15.076,15.3387,16.7693,32.5217,32.5217,32.5217,32.5217,37.9171,36.4097,37.1132,34.6081
heat_pump,power,BG,0.7664,3.1524,3.1524,3.1524,3.1361,3.1128,3.1315,3.2388,3.4336,3.4997,3.6921,3.6678,3.6425,3.575,3.687,3.6642,3.7722,3.7293,3.6811,2.1624,4.8069,4.8069,9.1748,9.1748,9.1824,9.0898,9.0486,9.1282,9.085,9.2774
heat_pump,power,CH,3.5258,3.7062,3.7062,3.7062,3.2335,3.0438,2.5665,2.4243,2.2415,2.2415,1.8683,2.0192,2.2584,2.2432,3.815,4.5287,5.2998,5.1502,6.7776,6.9317,7.1201,7.9813,26.7102,26.7102,26.7102,26.7102,30.5779,30.5779,30.5779,30.3112
heat_pump,power,CZ,1.9764,2.0217,2.0217,2.0217,1.8812,1.7884,1.6713,2.7589,2.822,2.8513,2.7272,3.1059,3.1524,3.1031,3.5026,4.039,4.1891,7.0396,8.4603,11.0623,12.0053,13.3526,27.1362,27.3385,27.5225,26.4106,27.4287,27.4223,27.2476,27.0539
heat_pump,power,DE,7.4363,8.2186,8.2186,8.2186,7.9285,7.7684,5.8007,5.6405,4.6909,4.6909,3.6319,13.6156,16.4907,21.5927,33.6845,40.4663,45.7801,54.6877,74.4754,85.8205,96.7994,99.445,201.3615,201.3615,201.3615,201.3615,201.3615,233.1316,238.8554,228.8716
heat_pump,power,DK,1.6075,1.9847,1.9847,1.9847,1.9206,2.3035,2.823,3.2929,4.0598,4.2431,4.1143,4.4955,4.6507,4.7817,5.4948,5.9644,6.6626,6.7092,7.132,7.5264,7.9294,20.0889,21.2449,20.769,20.6494,20.711,20.4367,21.0692,21.1181,20.8472
heat_pump,power,EE,0.0534,0.0555,0.0555,0.0555,0.0528,0.0469,0.0459,0.0416,0.0405,0.0405,0.0337,0.0313,0.0522,0.0641,0.0853,0.1169,0.3276,0.3479,0.3523,0.3589,0.3774,0.4509,2.5639,2.5639,2.5639,2.5639,2.6328,2.6328,2.6317,2.6637
heat_pump,power,EL,5.8748,20.7638,20.7638,20.7638,20.7638,20.6792,20.5719,20.6825,20.9211,21.4163,21.8437,21.9581,21.8191,20.1979,23.6389,23.242,23.5322,24.5741,24.5741,10.0822,25.0825,25.3578,25.3578,25.3578,25.2733,25.1061,24.8415,24.8273,24.9995,24.8198
heat_pump,power,ES,3.4408,21.1423,21.1423,21.1423,20.9067,20.94,21.2188,21.9927,27.13,27.6827,28.6288,29.1426,31.362,31.2175,32.8538,33.2154,33.8752,34.0754,34.1213,20.7369,38.7668,38.7668,38.7668,38.4592,38.1992,37.6146,33.5388,38.2469,37.6711,38.2027
heat_pump,power,FI,4.4772,4.5776,4.5776,4.5776,4.202,3.8952,3.6902,3.3393,3.1343,3.5659,3.2045,3.7725,3.8762,4.1829,4.1944,4.1991,3.5475,3.9592,4.3967,4.6349,4.7503,4.7624,16.3675,16.3675,16.3675,17.2571,17.5047,17.4229,17.6889,17.0645
heat_pump,power,FR,17.4222,91.6289,91.6289,91.6289,90.5216,91.8201,96.928,101.3627,104.0178,106.873,110.2771,118.3223,122.3703,128.7205,135.768,136.1922,140.3172,144.4988,146.3766,78.1314,153.1115,153.1115,156.3997,152.7943,148.1432,151.1862,152.9571,152.3004,152.434,146.8452
heat_pump,power,HR,0.5605,1.9145,1.9145,1.9145,1.8925,1.9284,2.0324,2.2387,2.3414,2.4182,2.5344,2.6437,3.7133,3.9867,4.4604,4.4967,5.0096,5.0707,5.5085,4.4628,5.9683,6.2128,9.532,9.501,9.4529,9.3664,9.4943,9.5285,9.4213,9.4633
heat_pump,power,HU,0.6417,9.5374,9.5374,9.5374,9.5284,10.1067,10.9814,11.2466,11.4418,11.617,12.2252,12.8205,13.7642,14.9152,17.0405,17.4549,20.571,21.4926,23.5742,16.7634,26.5166,26.946,28.3085,27.6561,27.3177,28.0157,28.1043,28.1228,27.5864,27.7132
heat_pump,power,IE,0.4947,7.9241,7.9241,7.9241,7.9011,7.8456,7.888,7.9227,8.086,8.1106,8.0956,8.187,8.4405,8.4318,9.0415,9.3205,9.5367,9.6295,9.6595,2.6275,10.0697,10.727,10.727,10.727,10.6507,10.679,10.5369,10.686,10.6474,10.6183
heat_pump,power,IT,9.5366,49.3422,49.3422,49.3422,49.2824,56.5417,65.3756,70.3081,74.941,82.2091,85.8365,95.304,105.3312,118.488,128.002,128.4468,129.6824,137.9105,141.3349,105.6772,146.1225,150.8408,150.8408,143.0211,142.8565,147.7056,147.9603,145.4299,150.2531,145.6911
heat_pump,power,LT,0.1468,2.7319,2.7319,2.7319,2.7286,2.7601,2.8661,2.8801,2.9313,3.0854,3.0975,3.1286,3.2507,3.2634,3.819,3.8354,3.9759,4.2073,4.4434,2.8973,5.7085,5.7085,5.7085,5.6743,5.5938,5.6845,5.6564,5.5544,5.6754,5.6788
heat_pump,power,LU,0.2372,0.2372,0.2372,0.2372,0.2245,0.2226,0.1954,0.1954,0.1936,0.1936,0.1924,0.2064,0.2813,0.3227,0.3378,0.3778,0.4845,0.5229,0.6551,0.7204,0.7204,0.8838,2.2834,2.2834,2.2834,2.5983,2.5983,2.5983,2.5966,2.5843
heat_pump,power,LV,0.066,0.0713,0.0713,0.0713,0.0674,0.0618,0.1412,0.1548,0.1928,0.2439,0.2862,0.2871,0.4295,0.4258,0.4291,0.5914,0.6192,0.6418,0.7196,0.7248,0.8879,1.0033,3.6482,3.7351,3.6492,3.7147,3.6966,3.681,3.6902,3.7325
heat_pump,power,NL,1.542,1.5742,1.5742,1.5742,1.5216,1.4839,1.3969,1.3885,1.3563,4.5427,8.6988,12.0548,16.6156,19.6123,22.2697,22.5946,22.5599,22.9333,23.298,24.2504,24.4288,24.4288,31.242,31.242,31.242,31.242,37.0426,42.0744,40.9027,41.3521
heat_pump,power,NO,10.4566,10.4566,10.4566,10.4566,8.956,7.9306,6.0923,4.8273,5.0668,5.211,5.4962,5.8717,5.7716,5.7978,6.2436,6.242,6.3838,6.3993,6.1729,6.835,6.9066,6.9597,15.1699,19.4942,19.4942,19.4942,18.2292,18.4563,18.5888,18.8739
heat_pump,power,PL,1.5137,15.4933,15.4933,15.4933,15.4933,15.4933,15.7482,16.4048,16.7737,18.2192,18.5762,19.4487,19.8041,20.333,19.5361,20.9715,20.9562,22.1336,24.4043,11.3946,31.8954,57.0551,71.7759,73.2716,73.0167,72.615,72.9023,71.8165,72.8928,72.3828
heat_pump,power,PT,0.2119,1.8275,1.8275,1.8275,1.826,1.8367,1.9023,2.0574,2.1684,2.3235,2.4169,2.4939,2.708,2.6961,2.8877,2.8807,2.884,2.9865,3.0194,1.4181,3.0323,3.0423,3.0423,3.0226,2.9725,2.8819,2.9298,2.8744,2.945,2.9642
heat_pump,power,RO,0.0665,0.0665,0.0665,0.0665,0.063,0.0596,0.0647,0.0708,1.6214,2.6598,2.6725,3.0949,3.1681,3.319,4.3048,4.6519,4.6496,5.9531,6.9177,7.165,7.5912,8.4481,11.3187,11.3187,11.3057,12.562,11.1082,11.6171,13.1633,12.7644
heat_pump,power,SE,7.6737,7.6737,7.6737,7.6737,7.1767,6.2998,5.7233,5.8248,5.8645,6.3664,5.165,6.4425,7.2169,7.2988,7.279,7.1836,7.6388,7.4164,7.0303,7.7702,8.408,10.9546,20.8665,22.4446,22.4446,21.8537,21.8967,21.7312,22.2175,21.0161
heat_pump,power,SI,0.4528,2.9759,2.9759,2.9759,2.9709,2.9352,2.9849,3.0014,3.0067,3.0154,2.9806,3.0585,3.0782,3.1816,3.3094,3.3659,3.3672,3.4379,3.5307,1.0904,3.5744,3.5814,4.0368,4.0368,3.9566,4.0063,4.0228,4.0281,4.0065,3.9193
heat_pump,power,SK,0.4978,0.5248,0.5248,0.5248,0.5248,0.5132,0.4607,0.4607,0.4522,0.4607,0.3535,0.4607,1.0014,0.9266,1.6827,1.8176,1.8248,1.769,1.854,2.0573,2.4139,2.6167,5.3232,5.3232,5.3232,5.3232,5.9921,6.9917,7.0002,6.893
heat_pump,power,UK,5.3599,43.568,43.568,43.568,42.9432,50.6216,59.4287,67.4849,74.8765,84.3425,92.0834,100.6232,110.7222,118.1074,128.9282,130.2112,131.5128,133.5794,138.6433,108.21,148.1591,150.6743,155.0493,146.87,145.7294,146.8207,147.1422,145.5833,146.8565,146.5095
photovoltaics,power,AT,2.0022,37.5119,37.5119,37.5119,37.5119,37.5119,37.5119,37.5119,37.5119,38.7588,39.2742,43.3863,43.3856,43.3847,43.3835,43.3822,44.2868,46.3733,48.1393,48.1191,48.0762,52.0269,57.1992,57.1118,57.2156,57.2231,60.9779,61.0068,62.25,63.9192
photovoltaics,power,BE,6.2849,6.8703,6.8703,6.8703,6.8703,6.8703,6.8703,6.8703,10.0496,10.5784,10.686,19.1618,19.8022,19.7996,19.8988,19.8949,19.8904,19.8719,21.4199,21.3008,20.8638,19.7959,19.1019,18.8332,18.7269,18.6169,21.6736,22.0768,22.022,24.7778
photovoltaics,power,BG,1.1329,5.6238,5.6238,5.6238,5.6238,5.6238,6.8048,7.149,7.5095,7.8987,8.7446,8.7446,8.7446,8.7446,8.7446,8.7971,9.2737,9.2737,9.2725,9.2675,9.2371,9.1421,8.6563,8.8002,9.1656,9.2222,9.2172,9.2142,9.3653,9.4108
photovoltaics,power,CH,2.9629,27.0643,27.0643,27.0643,27.0643,27.0643,38.742,42.1965,42.2184,42.2184,42.2182,43.2597,43.2589,43.2579,45.3646,45.3631,45.3613,45.3543,45.3423,45.3122,45.2663,48.6323,48.4187,48.0887,48.988,54.0187,59.4546,59.2142,59.4479,59.3879
photovoltaics,power,CZ,2.152,7.4419,7.4419,7.4419,7.4419,7.4419,7.4419,7.4419,7.4419,7.4419,7.4419,7.4418,7.4417,7.4415,7.4413,7.4411,7.4408,7.4362,7.3738,6.9461,5.4859,5.4415,5.3695,5.3146,5.3119,5.3107,5.3099,5.3049,5.2999,5.2949
photovoltaics,power,DE,55.1182,61.0512,61.0512,61.0512,61.0512,61.0512,61.0512,61.0512,61.0512,61.0512,66.5319,75.1142,74.753,74.2713,73.6692,72.9467,72.1037,70.8329,68.883,64.4366,58.1445,72.7997,88.4629,96.0345,96.1059,94.8342,93.7376,97.7033,99.178,99.97
photovoltaics,power,DK,1.3595,2.0375,2.0375,2.0375,2.0375,2.0375,2.0375,2.0375,2.0375,2.0375,2.0375,2.0375,2.0375,2.0375,2.0375,2.0374,2.0374,2.0374,2.0372,2.037,2.0348,2.0189,1.6456,1.4828,1.4329,1.2395,1.1865,1.1276,1.0316,0.929
photovoltaics,power,EE,0.164,0.37,0.37,0.37,0.37,0.37,0.37,0.37,0.37,0.37,0.37,0.37,0.37,0.37,0.37,0.37,0.37,0.37,0.37,0.37,0.37,0.37,0.37,0.37,0.37,0.37,0.37,0.369,0.337,0.296
photovoltaics,power,EL,3.2604,4.1574,4.1574,4.1574,4.1574,4.1574,4.1574,4.1574,4.1574,4.1574,4.1572,4.1569,4.1563,4.1556,4.1548,4.1537,4.1525,4.1499,4.1349,4.0985,3.9485,3.8995,4.2872,5.0235,5.0901,5.0797,5.0663,5.0533,5.0323,4.9981
photovoltaics,power,ES,13.4742,40.3514,40.3514,40.3514,40.3514,40.3514,40.3514,40.3514,42.4659,42.4659,42.4518,42.4235,42.381,42.3244,42.2537,42.1688,42.0697,41.5237,46.8197,51.0347,50.6425,50.2825,50.0695,49.9265,49.905,50.631,50.5762,51.7706,51.8354,48.2084
photovoltaics,power,FI,0.3064,0.3864,0.3864,0.3864,0.3864,0.3864,0.3864,0.3864,0.3864,0.3864,0.3862,0.3859,0.3855,0.3849,0.3842,0.3834,0.3824,0.3814,0.3804,0.3794,0.3784,0.3774,0.3764,0.3754,0.3694,0.3644,0.3483,0.3056,0.2466,0.1662
photovoltaics,power,FR,10.9384,13.7314,13.7314,13.7314,13.7314,13.7314,13.7314,13.7314,14.1375,14.1375,14.1359,14.1328,14.1281,14.1219,14.1141,14.1048,27.2559,27.2246,27.1201,26.9181,26.1321,26.4735,36.2078,35.5498,34.5938,35.1917,41.4617,40.5857,39.7237,38.7597
photovoltaics,power,HR,0.115,2.6746,2.6746,2.6746,2.6746,2.6746,2.6746,2.6746,2.6746,2.6746,2.6746,2.6746,2.6746,2.6746,2.6746,2.6746,2.6746,2.6746,2.6746,2.6746,2.6746,2.6746,2.6706,2.6556,2.6416,2.6276,2.6196,2.6146,2.6068,2.5898
photovoltaics,power,HU,2.1289,2.9574,2.9574,2.9574,2.9574,2.9574,2.9574,2.9574,2.9574,2.9574,2.9574,2.9574,2.9574,2.9574,2.9574,2.9574,2.9574,2.9574,2.9574,2.9574,2.9564,2.9541,2.9399,2.9185,2.8774,2.7955,2.7346,2.6239,2.2966,1.557
photovoltaics,power,IE,0.084,0.144,0.144,0.144,0.144,0.144,0.144,0.144,0.144,0.144,0.144,0.144,0.144,0.144,0.144,0.144,0.144,0.144,0.144,0.144,0.144,0.144,0.144,0.144,0.6797,0.6797,0.6797,0.6797,0.6797,0.6517
photovoltaics,power,IT,21.6144,60.0156,60.0156,60.0156,60.0156,60.0156,60.0156,60.0156,60.0156,60.0156,60.0134,60.009,60.0024,59.9935,59.9824,59.9691,59.9536,59.8836,59.5452,58.8267,54.9778,47.2147,45.0183,47.4909,48.3768,48.079,47.7103,47.3009,46.8642,46.1128
photovoltaics,power,LT,0.103,0.169,0.169,0.169,0.169,0.169,0.169,0.169,0.169,0.169,0.169,0.169,0.169,0.169,0.169,0.169,0.169,0.169,0.169,0.169,0.169,0.169,0.169,0.169,0.169,0.101,0.1,0.089,0.087,0.087
photovoltaics,power,LU,0.0,0.0,0.0,0.0,0.0,0.0,0.0,0.0,0.0,0.0,0.0,0.0,0.0,0.0,0.0,0.0,0.0,0.0,0.0,0.0,0.0,0.0,0.0,0.0,0.0,0.0,0.0,0.0,0.0,0.0
photovoltaics,power,LV,0.0,0.0,0.0,0.0,0.0,0.0,0.0,0.0,0.0,0.0,0.0,0.0,0.0,0.0,0.0,0.0,0.0,0.0,0.0,0.0,0.0,0.0,0.0,0.0,0.0,0.0,0.0,0.0,0.0,0.0
photovoltaics,power,NL,10.4248,14.2058,14.2058,14.2058,14.2058,14.2058,14.2058,14.2058,14.2058,14.2058,14.2056,14.2052,14.2045,14.2037,14.2026,14.2013,14.1998,14.1984,14.194,14.1833,14.1626,14.1026,13.8856,13.511,13.236,12.769,12.3979,14.6931,14.7405,13.1642
photovoltaics,power,NO,0.1575,0.2225,0.2225,0.2225,0.2225,0.2225,0.2225,0.2225,0.2225,0.2225,0.2225,0.2225,0.2225,0.2225,0.2225,0.2225,0.2225,0.2225,0.2225,0.2225,0.2225,0.2225,0.2225,0.2225,0.2225,0.2225,0.2115,0.1935,0.17,0.119
photovoltaics,power,PL,3.9301,7.7801,7.7801,7.7801,7.7801,7.7801,7.7801,7.7801,7.7801,7.7801,7.7801,11.3451,11.3451,11.3451,11.3451,11.3451,11.3451,11.3451,11.3451,11.3451,11.3451,11.3451,11.3451,11.3451,11.3331,11.2451,11.146,11.065,10.855,10.045
photovoltaics,power,PT,1.0741,10.2604,10.2604,10.2604,10.2604,10.2604,10.2604,10.2604,10.2604,10.6474,10.6474,10.6473,10.6471,10.6469,10.6466,10.6462,10.6458,10.6338,10.5868,10.5388,11.4953,11.4543,11.3853,11.3303,11.2107,11.1758,11.1098,11.0448,10.9568,10.7048
photovoltaics,power,RO,1.3962,1.4262,1.4262,1.4262,1.4262,1.4262,1.4262,1.4262,1.4262,1.4262,1.4262,1.4262,1.4262,1.4262,1.4262,1.4262,1.4262,1.4262,1.4262,1.4262,1.4242,1.8127,2.8295,2.2538,2.7216,3.4433,4.3979,5.0365,5.035,5.027
photovoltaics,power,SE,1.1782,1.6812,1.6812,1.6812,1.6812,1.6812,1.6812,1.6812,1.6812,1.6812,1.6811,1.681,1.6807,1.6804,1.6799,1.6794,1.6788,1.6774,1.6757,1.6749,1.6722,1.6679,1.6594,1.6403,1.6041,1.5583,1.4791,1.366,1.186,0.899
photovoltaics,power,SI,0.3637,0.3967,0.3967,0.3967,0.3967,0.3967,0.3967,0.3967,0.3967,0.3967,0.3967,0.3966,0.3965,0.3964,0.3963,0.3961,0.3959,0.3953,0.3933,0.3859,0.3674,0.3204,0.1889,0.157,0.151,0.144,0.137,0.122,0.107,0.092
photovoltaics,power,SK,0.5695,1.9934,1.9934,1.9934,1.9934,1.9934,1.9934,1.9934,6.4683,6.4683,6.4683,6.4683,6.4682,6.4682,6.4682,6.4682,6.4682,6.4682,6.4681,6.4679,6.2956,5.9698,5.9518,6.7161,7.0761,7.3609,7.6313,7.7321,7.7271,7.8258
photovoltaics,power,UK,13.6931,14.2431,14.2431,14.2431,14.2431,14.2431,14.2431,14.2431,14.2431,14.2431,14.2426,14.2416,14.2402,14.2383,14.2358,14.2329,14.2296,14.2257,14.2213,14.2173,14.1356,13.226,12.4517,11.35,8.7789,4.4967,2.3435,1.3985,1.1027,0.8293
wind_offshore,power,AT,0.0,0.0,0.0,0.0,0.0,0.0,0.0,0.0,0.0,0.0,0.0,0.0,0.0,0.0,0.0,0.0,0.0,0.0,0.0,0.0,0.0,0.0,0.0,0.0,0.0,0.0,0.0,0.0,0.0,0.0
wind_offshore,power,BE,2.2557,2.2557,2.2557,2.2557,2.2557,2.2557,2.2557,2.2557,2.2557,2.2557,2.2557,2.2557,2.2557,2.2557,2.2252,2.0602,2.0602,2.0602,1.765,1.549,1.549,1.549,1.384,1.384,0.7057,0.7057,0.7057,0.7057,0.9253,1.4873
wind_offshore,power,BG,0.0,0.0,0.0,0.0,0.0,0.0,0.0,0.0,0.0,0.0,0.0,0.0,0.0,0.0,0.0,0.0,0.0,0.0,0.0,0.0,0.0,0.0,0.0,0.0,0.0,0.0,0.0,0.0,0.0,0.0
wind_offshore,power,CH,0.0,0.0,0.0,0.0,0.0,0.0,0.0,0.0,0.0,0.0,0.0,0.0,0.0,0.0,0.0,0.0,0.0,0.0,0.0,0.0,0.0,0.0,0.0,0.0,0.0,0.0,0.0,0.0,0.0,0.0
wind_offshore,power,CZ,0.0,0.0,0.0,0.0,0.0,0.0,0.0,0.0,0.0,0.0,0.0,0.0,0.0,0.0,0.0,0.0,0.0,0.0,0.0,0.0,0.0,0.0,0.0,0.0,0.0,0.0,0.0,0.0,0.0,0.0
wind_offshore,power,DE,7.6821,7.6821,7.6821,7.6821,7.6821,7.6821,7.6821,7.6821,7.6821,7.6776,7.6776,7.6751,7.6751,7.6701,7.6701,7.6096,7.5613,7.5613,7.1613,6.6479,4.3871,4.3871,12.7426,17.0136,16.1906,18.8512,19.761,27.84,27.84,27.84
wind_offshore,power,DK,1.6958,2.3006,2.3006,2.3006,2.3006,2.3006,2.2606,2.1006,1.8872,1.8872,1.8872,1.8872,1.8872,1.8872,1.6497,1.4427,1.4391,1.4391,1.0395,1.0395,1.0395,1.0395,1.0395,1.0115,0.6048,0.6048,0.6048,0.6048,0.6048,0.6048
wind_offshore,power,EE,0.0,0.0,0.0,0.0,0.0,0.0,0.0,0.0,0.0,0.0,0.0,0.0,0.0,0.0,0.0,0.0,0.0,0.0,0.0,0.0,0.0,0.0,0.0,0.0,0.0,0.0,0.0,0.0,0.0,0.0
wind_offshore,power,EL,0.0,0.0,0.0,0.0,0.0,0.0,0.0,0.0,0.0,0.0,0.0,0.0,0.0,0.0,0.0,0.0,0.0,0.0,0.0,0.0,0.0,0.0,0.0,0.0,0.0,0.0,0.0,0.0,0.0,0.0
wind_offshore,power,ES,0.005,0.005,0.005,0.005,0.005,0.005,0.005,0.005,0.005,0.005,0.005,0.005,0.005,0.005,0.005,0.005,0.005,0.005,0.005,0.005,0.005,0.005,0.005,0.005,0.0,0.0,0.0,0.0,0.0,0.0
wind_offshore,power,FI,0.0443,0.0443,0.0443,0.0443,0.0443,0.0443,0.0443,0.0443,0.0443,0.0443,0.0443,0.0443,0.0443,0.0443,0.0443,0.042,0.042,0.042,0.042,0.042,0.042,0.042,0.0,0.0,0.0,0.0,0.0,0.0,0.0,0.0
wind_offshore,power,FR,0.002,0.002,0.002,0.002,0.002,0.002,0.002,0.002,0.002,0.002,0.002,0.002,0.002,0.002,0.002,0.002,0.002,0.002,0.002,0.002,0.002,0.002,0.002,0.0,0.0,0.0,0.0,0.0,0.0,0.0
wind_offshore,power,HR,0.0,0.0,0.0,0.0,0.0,0.0,0.0,0.0,0.0,0.0,0.0,0.0,0.0,0.0,0.0,0.0,0.0,0.0,0.0,0.0,0.0,0.0,0.0,0.0,0.0,0.0,0.0,0.0,0.0,0.0
wind_offshore,power,HU,0.0,0.0,0.0,0.0,0.0,0.0,0.0,0.0,0.0,0.0,0.0,0.0,0.0,0.0,0.0,0.0,0.0,0.0,0.0,0.0,0.0,0.0,0.0,0.0,0.0,0.0,0.0,0.0,0.0,0.0
wind_offshore,power,IE,0.0252,0.0252,0.0252,0.0252,0.0252,0.0252,0.0252,0.0252,0.0252,0.0,0.0,0.0,0.0,0.0,0.0,0.0,0.0,0.0,0.0,0.0,0.0,0.0,0.0,0.0,0.0,0.0,0.0,0.0,0.0,0.0
wind_offshore,power,IT,0.0,0.0,0.0,0.0,0.0,0.0,0.0,0.0,0.0,0.0,0.0,0.0,0.0,0.0,0.0,0.0,0.0,0.0,0.0,0.0,0.0,0.0,0.0,0.0,0.0,0.0,0.0,0.0,0.0,0.0
wind_offshore,power,LT,0.0,0.0,0.0,0.0,0.0,0.0,0.0,0.0,0.0,0.0,0.0,0.0,0.0,0.0,0.0,0.0,0.0,0.0,0.0,0.0,0.0,0.0,0.0,0.0,0.0,0.0,0.0,0.0,0.0,0.0
wind_offshore,power,LU,0.0,0.0,0.0,0.0,0.0,0.0,0.0,0.0,0.0,0.0,0.0,0.0,0.0,0.0,0.0,0.0,0.0,0.0,0.0,0.0,0.0,0.0,0.0,0.0,0.0,0.0,0.0,0.0,0.0,0.0
wind_offshore,power,LV,0.0,0.0,0.0,0.0,0.0,0.0,0.0,0.0,0.0,0.0,0.0,0.0,0.0,0.0,0.0,0.0,0.0,0.0,0.0,0.0,0.0,0.0,0.0,0.0,0.0,0.0,0.0,0.0,0.0,0.0
wind_offshore,power,NL,1.853,2.9862,2.9862,2.9862,2.9862,2.9862,2.9862,2.9862,2.9862,2.9862,2.9862,2.9862,2.8782,2.7582,2.7582,2.7582,2.7582,2.7582,2.7582,2.7582,2.6292,2.4852,1.8852,1.8852,1.8852,1.8852,1.8852,1.8852,1.8852,1.8852
wind_offshore,power,NO,0.0023,0.0059,0.0059,0.0059,0.0059,0.0059,0.0059,0.0059,0.0059,0.0059,0.0059,0.0059,0.0059,0.0059,0.0036,0.0036,0.0036,0.0036,0.0036,0.0036,0.0036,0.0036,0.0036,0.0036,0.0036,0.0036,0.0036,0.0036,0.0036,0.0036
wind_offshore,power,PL,0.0,0.0,0.0,0.0,0.0,0.0,0.0,0.0,0.0,0.0,0.0,0.0,0.0,0.0,0.0,0.0,0.0,0.0,0.0,0.0,0.0,0.0,0.0,0.0,0.0,0.0,0.0,0.0,0.0,0.0
wind_offshore,power,PT,0.0252,0.0252,0.0252,0.0252,0.0252,0.0252,0.0252,0.0252,0.0252,0.0252,0.0252,0.0252,0.0252,0.0252,0.0252,0.0252,0.0252,0.0252,0.0252,0.0252,0.0252,0.0252,0.0252,0.0252,0.0252,0.0252,0.0252,0.0252,0.0252,0.0252
wind_offshore,power,RO,0.0,0.0,0.0,0.0,0.0,0.0,0.0,0.0,0.0,0.0,0.0,0.0,0.0,0.0,0.0,0.0,0.0,0.0,0.0,0.0,0.0,0.0,0.0,0.0,0.0,0.0,0.0,0.0,0.0,0.0
wind_offshore,power,SE,0.1914,0.1914,0.1914,0.1914,0.1914,0.1914,0.1914,0.1914,0.1914,0.1914,0.1914,0.1914,0.1914,0.081,0.081,0.051,0.051,0.051,0.003,0.003,0.003,0.003,0.003,0.888,1.6016,2.215,2.87,3.5817,3.587,3.7382
wind_offshore,power,SI,0.0,0.0,0.0,0.0,0.0,0.0,0.0,0.0,0.0,0.0,0.0,0.0,0.0,0.0,0.0,0.0,0.0,0.0,0.0,0.0,0.0,0.0,0.0,0.0,0.0,0.0,0.0,0.0,0.0,0.0
wind_offshore,power,SK,0.0,0.0,0.0,0.0,0.0,0.0,0.0,0.0,0.0,0.0,0.0,0.0,0.0,0.0,0.0,0.0,0.0,0.0,0.0,0.0,0.0,0.0,0.0,0.0,0.0,0.0,0.0,0.0,0.0,0.0
wind_offshore,power,UK,10.4329,10.4804,10.4804,10.4804,10.4804,10.4804,10.4804,10.4804,10.4204,10.3604,10.2704,10.1804,10.0804,10.0804,9.796,9.1432,8.9596,7.8028,6.8287,6.4329,5.3784,5.3784,4.6489,2.5675,0.5865,0.5865,0.5865,0.5865,0.5865,0.5865
wind_onshore,power,AT,2.6862,11.0486,11.0418,11.0474,11.0478,11.026,11.0409,11.0033,10.9414,10.8459,10.8408,10.9083,11.0291,11.0346,11.0486,11.0311,11.0486,10.9049,10.8045,10.6573,10.725,10.8018,10.8558,10.9312,10.8371,2.8715,11.0486,11.0418,11.0474,11.0478
wind_onshore,power,BE,2.1984,8.1297,8.1297,8.1297,8.1297,8.1237,8.1237,8.1119,8.1093,8.1015,8.0586,8.0884,8.0326,8.0487,7.9848,7.9557,7.9731,8.0807,8.0564,8.0304,7.8556,7.9744,7.8802,7.9776,7.998,2.3995,8.1297,8.1297,8.1297,8.1297
wind_onshore,power,BG,0.8781,0.8781,0.8781,0.8781,0.8781,0.8781,0.8781,0.8781,0.8781,0.8695,11.5755,11.5694,11.5639,11.5107,11.2527,11.8843,12.0881,12.0316,11.9296,11.9656,12.15,12.1801,15.0012,15.6389,15.6398,15.6398,15.7185,15.8111,16.0135,16.15
wind_onshore,power,CH,0.0878,0.4194,0.4194,0.4194,0.4194,0.4194,0.4194,0.4194,0.4194,0.4232,0.4312,0.4312,0.4312,0.4292,0.4252,2.413,3.7344,3.9174,3.971,4.1369,8.6944,11.8797,20.4911,20.4911,20.4911,20.1595,20.8357,21.0744,21.6698,24.0114
wind_onshore,power,CZ,0.299,18.8709,18.8709,18.8709,18.8709,18.8709,18.8686,18.8685,18.861,18.8589,18.8474,18.8207,19.4587,19.605,22.2376,25.2202,27.3142,29.6787,31.0926,31.6094,34.2219,39.3128,48.4727,49.3698,50.2551,33.3768,52.3347,52.3812,52.39,53.5545
wind_onshore,power,DE,53.9805,55.7988,55.5324,55.091,53.8138,52.3308,49.567,46.6289,43.5796,41.5299,39.5467,41.5136,46.9815,48.131,59.5142,72.4262,77.4932,78.4213,89.0171,95.8462,102.8751,102.4625,101.8944,104.3046,105.9468,106.9725,106.9725,106.9725,106.9725,106.9725
wind_onshore,power,DK,2.5948,13.2962,13.2962,13.2826,13.2589,13.2261,13.2112,13.1557,13.154,13.154,13.1465,13.1228,13.25,13.5279,13.464,13.3115,13.1216,12.9303,12.5773,12.4448,13.3044,19.7501,23.4796,23.3797,26.3033,16.3153,26.9124,28.2692,29.9462,31.2811
wind_onshore,power,EE,0.3484,1.4692,1.4692,1.4692,1.4692,1.4692,1.4692,1.4669,1.4669,1.6674,1.6363,1.6363,1.6099,1.5892,1.5252,1.5183,1.4853,2.0962,2.0857,2.0827,2.0647,2.0577,4.8096,5.1189,5.4123,4.6544,6.3039,6.5237,6.5237,6.6041
wind_onshore,power,EL,4.3883,20.0978,20.0978,20.0876,20.0636,19.9688,19.7838,19.7588,19.6036,19.5921,20.5527,21.0246,21.5772,22.3725,22.9063,23.8895,23.839,23.8132,24.2924,24.6225,24.4629,24.7875,24.5768,24.5988,25.0028,10.0596,25.4941,25.6664,25.6869,25.6925
wind_onshore,power,ES,28.0852,49.6644,49.4378,49.1671,48.767,47.8996,46.9146,45.8862,44.4391,42.5657,48.1638,51.7047,55.0911,55.8972,59.0484,62.9718,65.4528,66.1192,69.2848,78.5293,83.561,89.1939,90.825,91.3573,96.5214,81.541,102.4472,103.0238,103.0238,103.4916
wind_onshore,power,FI,2.4985,17.8775,17.8775,17.8775,17.8699,17.8699,17.8699,17.8529,17.8495,19.474,19.4691,22.6765,24.4109,25.4428,25.8536,28.6148,29.8669,30.6535,30.5769,30.3954,29.929,29.3679,30.3988,30.6395,30.6627,16.0491,30.7656,30.7656,30.7656,30.7656
wind_onshore,power,FR,19.4332,26.7762,26.7762,26.9239,26.9195,26.8976,26.8822,30.1904,43.5128,45.359,46.3778,50.07,55.1689,57.3327,59.9641,60.9397,88.2044,97.0046,97.4412,103.2738,129.031,144.3073,168.2256,184.7439,204.2491,200.7216,224.3178,234.3659,237.6095,239.6782
wind_onshore,power,HR,0.5909,0.9861,0.9861,0.9861,0.9861,0.9861,0.9861,0.9861,0.9861,0.9861,0.9801,0.9689,0.9689,0.9689,0.9593,0.9173,1.1444,2.0267,2.201,2.5748,2.7411,2.8746,4.9562,5.3058,5.9697,6.2498,6.336,6.3715,6.4312,6.4312
wind_onshore,power,HU,0.2836,24.6893,24.6893,24.6893,24.6893,24.6893,24.6887,24.6875,24.6875,25.5718,26.3449,27.917,28.6815,30.2641,30.1901,30.3565,31.7058,32.505,34.1238,39.553,40.2271,40.301,41.2574,41.2574,41.5083,17.7565,42.4609,43.3484,43.8342,44.4665
wind_onshore,power,IE,4.5524,12.8466,12.8018,12.7872,12.7787,12.7305,12.7207,13.6949,13.6792,13.7008,13.7911,13.6438,13.7619,14.8042,15.6359,15.9613,16.0075,17.2886,17.3185,17.0992,17.3649,17.8801,18.0462,18.3956,18.222,10.3475,18.7349,18.863,18.9038,19.2624
wind_onshore,power,IT,11.2254,66.6974,66.6974,66.6974,66.6716,66.4232,66.27,66.2172,65.7403,73.6114,81.6202,91.2148,100.5235,115.9451,126.9614,134.5926,152.1077,158.9775,162.1936,166.5987,166.8115,170.2459,169.9492,169.5039,169.721,116.1225,172.2588,172.2588,174.751,175.3644
wind_onshore,power,LT,0.5324,8.381,8.381,8.381,8.381,8.381,8.381,8.3808,8.854,8.9214,8.9214,8.9203,9.0219,9.7111,10.1495,10.3408,11.5148,11.7433,12.36,12.36,12.4372,13.7953,18.8241,18.8241,18.8966,11.1169,18.8304,18.9825,20.3775,20.3775
wind_onshore,power,LU,0.1372,0.1416,0.1416,0.1416,0.1366,0.1366,0.1366,0.1354,0.1354,0.1342,0.1342,0.1342,0.1342,0.1262,0.1202,0.1186,0.1186,0.0933,0.0933,0.0933,0.0933,0.0599,0.125,0.164,0.2276,0.4069,0.4975,0.5167,0.6938,0.6938
wind_onshore,power,LV,0.0483,0.0471,0.0471,0.0471,0.0471,0.0445,0.0445,0.0227,0.0227,0.0227,0.0227,0.0227,0.0227,0.0207,0.0207,0.0207,0.0207,0.0,0.0,0.0,0.0,0.0,1.0497,1.3431,1.3431,1.3431,1.3431,1.3431,1.3431,1.3431
wind_onshore,power,NL,4.0017,23.3619,23.3204,23.2942,23.2886,23.2383,23.228,23.0561,22.8836,25.8049,30.5088,32.3867,35.1,39.7974,40.7753,40.7326,40.6248,42.6299,42.3264,46.3918,48.4414,48.7473,48.5416,48.8169,48.5055,30.2034,48.865,48.865,48.865,48.865
wind_onshore,power,NO,3.6511,29.928,29.928,29.9242,29.9205,29.9205,29.9205,29.8805,30.4353,33.6064,34.4692,36.9848,37.4834,37.4834,39.6944,40.8681,41.1906,42.3775,42.6753,43.3638,43.4196,45.8321,55.9857,58.7856,60.4374,35.8372,60.8842,60.9391,62.066,62.211
wind_onshore,power,PL,5.7038,74.4782,74.4782,74.4782,74.4782,74.4782,74.4602,74.4602,74.4302,74.4302,75.0536,74.9776,77.7332,80.4043,81.8284,82.5633,82.756,85.1678,85.5468,88.2449,89.1153,101.191,101.5484,101.5484,101.513,33.5146,101.5484,101.5484,101.5484,101.5484
wind_onshore,power,PT,5.6112,9.5115,9.5115,9.511,9.5013,9.4658,9.4457,9.3208,9.2448,9.009,8.4555,7.7945,7.2612,7.029,6.6543,7.0149,7.1046,8.354,8.6162,8.6987,8.7245,8.7047,8.9073,8.9335,9.0068,6.0095,10.482,10.4992,10.5439,10.5439
wind_onshore,power,RO,3.1146,3.1147,3.1147,3.1192,3.1192,3.1192,3.1601,4.2373,5.9972,7.264,7.4681,8.6351,9.2453,9.7279,12.5249,11.9623,12.1675,13.3895,14.8046,15.0376,16.1315,18.2694,19.357,19.4502,19.4502,19.8074,20.4112,20.862,21.416,21.4162
wind_onshore,power,SE,9.2256,10.6159,10.6159,10.6131,10.6125,10.5879,10.5643,10.5219,10.4503,10.4032,10.382,10.2742,10.0761,9.9007,9.566,8.9713,8.4318,7.7506,7.1409,6.1605,5.4168,4.7962,4.6057,4.1063,3.334,3.334,3.334,3.334,3.334,3.334
wind_onshore,power,SI,0.0032,0.0032,0.0032,0.0032,0.0032,0.0032,0.0032,0.0032,0.0032,0.0032,0.0032,0.0032,0.0032,0.0032,0.0032,0.0032,0.0032,0.0032,0.0032,0.0032,0.0032,0.0032,0.0032,0.0032,0.0,0.0,0.0,0.0,0.0,0.0
wind_onshore,power,SK,0.0051,0.0051,0.0051,0.0051,0.0051,0.0051,0.0051,0.0051,0.0025,0.002,0.0,0.0,0.0,0.0,0.0,0.0,0.0,0.0,0.0,0.0,0.0,0.0,0.0,0.0,0.0,0.0,0.0,0.0,0.0,0.0
wind_onshore,power,UK,13.5956,77.0797,77.0254,77.0112,76.9825,76.9261,76.8471,79.4741,87.0945,91.7913,95.3505,97.7839,104.2432,107.696,112.274,116.3792,122.3407,124.8579,126.6444,131.716,134.8967,139.5557,144.3048,147.3662,154.3252,102.8059,167.7847,170.4446,170.4446,172.1218
