technology,capacity_type,location,2020,2021,2022,2023,2024,2025,2026,2027,2028,2029,2030,2031,2032,2033,2034,2035,2036,2037,2038,2039,2040,2041,2042,2043,2044,2045,2046,2047,2048,2049
heat_pump,power,AT,0.0,0.0,0.0,0.0,0.0,0.0,0.0,0.0,0.0,0.113,0.3885,0.3303,0.2668,1.273,0.7644,0.6101,0.1956,1.3149,0.1137,0.139,0.5336,12.4833,0.0,0.0,0.0,1.4288,1.2843,0.1466,0.0,0.3885
photovoltaics,power,AT,32.7674,0.0,0.0,0.0,0.0,0.0,0.0,0.0,1.2469,0.5157,4.1125,0.0,0.0,0.0,0.0,0.9063,2.0886,1.7704,0.0,0.0,4.0424,5.348,0.1757,0.2631,0.1593,3.9107,0.2013,1.4116,1.9164,3.1184
wind_offshore,power,AT,0.0,0.0,0.0,0.0,0.0,0.0,0.0,0.0,0.0,0.0,0.0,0.0,0.0,0.0,0.0,0.0,0.0,0.0,0.0,0.0,0.0,0.0,0.0,0.0,0.0,0.0,0.0,0.0,0.0,0.0
wind_onshore,power,AT,5.4909,0.0,0.0068,0.0012,0.0008,0.0226,0.0076,0.0453,0.1072,0.2027,0.2078,0.1403,0.0195,0.014,0.0,0.0175,0.0,0.1436,0.2441,0.3913,0.3236,0.2468,0.1928,0.1174,0.2115,8.177,0.0,0.0068,0.0012,0.0008
heat_pump,power,DE,0.0,0.0,0.0,0.0,0.0,0.0,0.0,0.0,0.0,0.0,9.9838,3.1134,5.6449,12.0939,7.0583,5.7146,9.568,20.3776,11.3451,10.9789,2.6456,101.9165,0.0,0.0,0.0,0.0,31.7701,5.7237,0.0,10.0674
photovoltaics,power,DE,0.0,0.0,0.0,0.0,0.0,0.0,0.0,0.0,0.0,5.6011,8.8232,0.0,0.0,0.0,0.0,0.0,0.0,0.0,0.0,1.1477,22.5654,23.8234,10.2044,1.2614,0.0523,0.3585,5.6257,5.065,4.624,5.0264
wind_offshore,power,DE,0.0,0.0,0.0,0.0,0.0,0.0,0.0,0.0,0.0,0.0,0.0,0.0,0.0,0.0,0.0,0.0,0.0,0.0,0.0,0.0,0.0,10.4202,4.7358,0.7153,2.6607,0.9098,8.079,0.0,0.0,0.0
wind_onshore,power,DE,0.0,0.0,0.0,0.0,0.0,0.0,0.0,0.0,0.0,0.0,4.6087,7.2067,2.3844,13.6287,14.3443,6.6465,2.704,12.5447,11.0871,11.1263,4.0974,4.51,5.0781,2.6679,1.0257,0.0,0.0,0.0,0.0,0.0
heat_pump,power,UK,32.3553,0.0,0.0,0.0,8.1793,9.3199,8.2286,7.9071,9.466,8.1928,8.5398,10.2257,8.1685,11.6848,1.8983,1.3104,2.1991,5.1149,7.2819,39.9491,2.5152,4.375,0.0,8.1793,9.3199,8.2286,7.9071,9.466,8.1928,8.5398
photovoltaics,power,UK,0.0,0.0,0.0,0.0,0.0,0.0,0.0,0.0,0.0,0.0,0.0,0.0,0.0,0.0,0.0,0.0,0.0,0.0,0.0,0.0,0.0,0.0,0.0,0.0,0.0,0.0,0.0,0.0,0.0,0.0
wind_offshore,power,UK,0.0,0.0,0.0,0.0,0.0,0.0,0.0,0.0,0.0,0.0,0.0,0.0,0.0,0.0,0.0,0.0,0.0,0.0,0.0,0.0,0.0,0.0,0.0,0.0,0.0,0.0,0.0,0.0,0.0,0.0
wind_onshore,power,UK,49.4328,0.0,0.0,0.0,0.0,0.0,2.7182,7.7338,4.8189,3.9501,2.9739,7.1861,3.9717,5.0388,4.6958,6.5042,3.6167,3.567,5.985,3.8366,5.5618,7.1199,3.8151,7.5528,11.5091,64.9788,2.6599,0.0,1.6771,1.0788
heat_pump,power,NL,0.0,0.0,0.0,0.0,0.0,0.0,0.0,0.0,3.1864,4.358,3.356,4.5978,3.2229,2.6711,0.4306,0.1057,0.5454,0.5773,0.9524,0.1784,0.0,6.8132,0.0,0.0,0.0,5.8006,8.2182,3.1864,3.8054,3.1251
photovoltaics,power,NL,0.0,0.0,0.0,0.0,0.0,0.0,0.0,0.0,0.0,0.0,0.0,0.0,0.0,0.0,0.0,0.0,0.0,0.0,0.0,0.0,0.0,0.0,0.0,0.0,0.0,0.1629,3.0703,1.6574,0.9927,2.4779
wind_offshore,power,NL,0.0,0.0,0.0,0.0,0.0,0.0,0.0,0.0,0.0,0.0,0.0,0.0,0.0,0.0,0.0,0.0,0.0,0.0,0.0,0.0,0.0,0.0,0.0,0.0,0.0,0.0,0.0,0.0,0.0,0.0
wind_onshore,power,NL,14.6599,0.0,0.0,0.0,0.0,0.0,0.0,0.0,2.9944,4.8165,2.0352,2.9355,5.068,1.2304,0.0,0.0,2.1017,0.0,4.0974,2.275,0.4236,0.1177,0.3234,0.0481,0.3595,18.6616,0.0,0.0,0.0,0.0
heat_pump,power,DK,0.0,0.0,0.0,0.0,0.4835,0.6031,0.5415,0.8158,0.1833,0.1344,0.4053,0.2556,0.3127,0.7131,0.5802,0.7458,0.1721,0.661,0.7376,0.403,12.1595,1.156,0.0076,0.4835,0.6031,0.5415,0.8158,0.1833,0.1344,0.4053
photovoltaics,power,DK,0.0,0.0,0.0,0.0,0.0,0.0,0.0,0.0,0.0,0.0,0.0,0.0,0.0,0.0,0.0,0.0,0.0,0.0,0.0,0.0,0.0,0.0,0.0,0.0,0.0,0.0,0.0,0.0,0.0,0.0
wind_offshore,power,DK,0.0,0.0,0.0,0.0,0.0,0.0,0.0,0.0,0.0,0.0,0.0,0.0,0.0,0.0,0.0,0.0,0.0,0.0,0.0,0.0,0.0,0.0,0.0,0.0,0.0,0.0,0.0,0.0,0.0,0.0
wind_onshore,power,DK,8.0022,0.0,0.0,0.0,0.0,0.0,0.0,0.0,0.0,0.0,0.0,0.1273,0.3317,0.0,0.0,0.0,0.0,0.0,0.0,1.0918,6.6844,3.9651,0.2434,2.9404,0.6091,10.597,1.3569,1.677,1.3349,0.1358
heat_pump,power,CH,0.0,0.0,0.0,0.0,0.0,0.0,0.0,0.0,0.0,0.0,0.2667,0.4475,0.3615,1.5718,1.0357,0.8266,0.265,1.7815,0.1541,0.1884,0.8613,18.7289,0.0,0.0,0.0,3.8677,0.0,0.0,0.0,0.0
photovoltaics,power,CH,20.4555,0.0,0.0,0.0,0.0,11.6776,3.4545,0.022,0.0,0.0,1.042,0.0,0.0,2.108,0.0,0.0,0.0,0.0,0.0,0.0,3.463,0.0,0.0,1.2023,5.3678,5.6992,0.0,0.5037,0.27,0.33
wind_offshore,power,CH,0.0,0.0,0.0,0.0,0.0,0.0,0.0,0.0,0.0,0.0,0.0,0.0,0.0,0.0,0.0,0.0,0.0,0.0,0.0,0.0,0.0,0.0,0.0,0.0,0.0,0.0,0.0,0.0,0.0,0.0
wind_onshore,power,CH,0.2438,0.0,0.0,0.0,0.0,0.0,0.0,0.0,0.0043,0.0119,0.0,0.0,0.0,0.0,2.0147,1.3306,0.189,0.0639,0.1658,4.5576,3.1984,8.6115,0.0,0.0,0.0,0.6762,0.2387,0.5954,2.3416,0.6437
heat_pump,power,SE,0.0,0.0,0.0,0.0,0.0,0.0,0.5908,0.5479,0.7134,0.2271,1.4285,1.1921,0.4177,0.3357,0.3652,0.4606,0.0054,0.3537,0.7399,0.6378,2.5466,9.9119,1.5781,0.0,0.0,0.5908,0.5479,0.7134,0.2271,1.4285
photovoltaics,power,SE,0.0,0.0,0.0,0.0,0.0,0.0,0.0,0.0,0.0,0.0,0.0,0.0,0.0,0.0,0.0,0.0,0.0,0.0,0.0,0.0,0.0,0.0,0.0,0.0,0.0,0.0,0.0,0.0,0.0,0.0
wind_offshore,power,SE,0.0,0.0,0.0,0.0,0.0,0.0,0.0,0.0,0.0,0.0,0.0,0.0,0.0,0.0,0.0,0.0,0.0,0.0,0.0,0.0,0.0,0.0,0.888,0.7136,0.6134,0.655,0.7118,0.0053,0.1512,0.2686
wind_onshore,power,SE,0.0,0.0,0.0,0.0,0.0,0.0,0.0,0.0,0.0,0.0,0.0,0.0,0.0,0.0,0.0,0.0,0.0,0.0,0.0,0.0,0.0,0.0,0.0,0.0,0.0,0.0,0.0,0.0,0.0,0.0
heat_pump,power,IT,29.8707,0.0,0.0,0.0,7.8197,9.1483,4.9923,4.7377,7.2681,4.9655,9.5275,10.8193,14.1669,9.514,0.8328,5.4932,8.228,4.0159,3.7496,40.4453,4.7183,0.0,0.0,8.9837,9.8414,4.9923,4.7377,9.7887,4.9655,9.5275
photovoltaics,power,IT,15.8509,0.0,0.0,0.0,0.0,0.0,0.0,0.0,0.0,0.0,0.0,0.0,0.0,0.0,0.0,0.0,0.0,0.0,0.0,0.0,0.0,1.7197,3.9685,1.2949,0.0,0.0,0.0,0.0,0.0,0.0
wind_offshore,power,IT,0.0,0.0,0.0,0.0,0.0,0.0,0.0,0.0,0.0,0.0,0.0,0.0,0.0,0.0,0.0,0.0,0.0,0.0,0.0,0.0,0.0,0.0,0.0,0.0,0.0,0.0,0.0,0.0,0.0,0.0
wind_onshore,power,IT,43.7576,0.0,0.0,0.0,0.0,0.0,0.0,0.0,8.2791,8.2953,10.085,10.1136,16.3244,12.3591,8.7783,18.6456,7.969,3.6984,4.5498,0.4551,3.7785,0.0,0.0,0.7411,1.3843,56.1364,0.0,2.4922,0.6133,1.2204
heat_pump,power,CZ,0.0,0.0,0.0,0.0,0.0,0.0,1.1119,0.0937,0.1002,0.2749,0.4686,0.1593,0.1824,0.6067,0.5881,0.2092,3.0275,1.5925,2.602,0.943,1.3473,13.7836,0.2023,0.184,0.0,1.1119,0.0937,0.1002,0.2749,0.4686
photovoltaics,power,CZ,3.1378,0.0,0.0,0.0,0.0,0.0,0.0,0.0,0.0,0.0,0.0,0.0,0.0,0.0,0.0,0.0,0.0,0.0,0.0,0.0,0.0,0.0,0.0,0.0,0.0,0.0,0.0,0.0,0.0,0.0
wind_offshore,power,CZ,0.0,0.0,0.0,0.0,0.0,0.0,0.0,0.0,0.0,0.0,0.0,0.0,0.0,0.0,0.0,0.0,0.0,0.0,0.0,0.0,0.0,0.0,0.0,0.0,0.0,0.0,0.0,0.0,0.0,0.0
wind_onshore,power,CZ,18.2728,0.0,0.0,0.0,0.0,0.0,0.0,0.0,0.0,0.0,0.0,0.6972,0.1826,2.6663,3.0126,2.0958,2.3944,1.4338,0.5289,2.6125,5.0909,9.1859,0.8971,0.8853,1.6936,18.9579,0.0465,0.0088,1.1645,1.1339
heat_pump,power,ROE,115.2606,0.0,0.0,0.0,4.7236,10.8738,8.3172,13.3587,11.6897,9.1357,18.0185,14.5619,12.8045,22.5969,6.6588,12.4249,11.9421,12.7594,17.6992,158.1799,29.6908,74.8164,5.9802,4.8585,13.3301,14.7898,14.9011,12.0496,9.2509,18.6097
photovoltaics,power,ROE,22.7496,0.0,0.0,0.0,0.0,1.181,0.3443,10.535,1.3051,0.9542,12.0421,0.6423,0.0,0.1024,0.0524,13.6387,0.0,9.69,4.724,0.9805,2.9659,13.578,2.979,2.1953,3.4342,11.3981,2.8105,0.8815,5.2635,17.8771
wind_offshore,power,ROE,0.0,0.0,0.0,0.0,0.0,0.0,0.0,0.0,0.0,0.0,0.0,0.0,0.0,0.0,0.0,0.0,0.0,0.0,0.0,0.0,0.0,0.0,0.0,0.0,0.0,0.0,0.0,0.2196,0.562,0.3627
wind_onshore,power,ROE,146.9478,0.0,0.1597,0.0,0.0,0.0469,5.4175,16.2555,10.4292,23.409,19.9715,19.2153,16.2661,19.6781,16.839,39.1219,24.7034,12.1955,27.8001,37.8087,42.8385,57.0699,25.6271,33.4257,13.4785,221.2509,13.0143,7.3507,3.8951,2.3973
